head	relation	tail
element:1f8db58fddb3	HAS_FUNCTION	function:8c4aa541ee91
element:1f8db58fddb3	HAS_FUNCTION	function:779a082370b4
function:8c4aa541ee91	HAS_MODE	mode:a44e6fb296cd
mode:a44e6fb296cd	LEADS_TO	effect:465e66a8fb85
cause:b810209aaa78	CAUSES	mode:a44e6fb296cd
cause:b810209aaa78	CAUSES	group:mode_group_0002
cause:b810209aaa78	CAUSES_EFFECT	effect:465e66a8fb85
function:779a082370b4	HAS_MODE	group:mode_group_0002
mode:8696f2f6523e	BELONGS_TO	group:mode_group_0002
element:f790b63c9025	HAS_FUNCTION	function:5e20d7a96712
element:f790b63c9025	HAS_FUNCTION	function:9969d3132f27
element:f790b63c9025	HAS_FUNCTION	function:c912c68146b5
function:5e20d7a96712	HAS_MODE	mode:ace1b9ec8112
mode:ace1b9ec8112	LEADS_TO	effect:9a22045d5260
cause:8e47d81f8dd1	CAUSES	mode:ace1b9ec8112
cause:8e47d81f8dd1	CAUSES	mode:59a404cfa97f
cause:8e47d81f8dd1	CAUSES_EFFECT	effect:9a22045d5260
cause:8e47d81f8dd1	CAUSES_EFFECT	group:effect_regroup_0001
function:9969d3132f27	HAS_MODE	mode:59a404cfa97f
mode:59a404cfa97f	LEADS_TO	group:effect_regroup_0001
effect:7781a8c43260	BELONGS_TO	group:effect_regroup_0001
function:c912c68146b5	HAS_MODE	group:mode_regroup_0001
mode:86fcfa00e721	BELONGS_TO	group:mode_regroup_0001
cause:939a6b33520a	CAUSES	group:mode_regroup_0001
cause:939a6b33520a	CAUSES_EFFECT	effect:53d80fbb9ce2
cause:db5c2e5fb810	CAUSES	group:mode_regroup_0001
cause:db5c2e5fb810	CAUSES_EFFECT	effect:53d80fbb9ce2
element:f68bd40f1867	HAS_FUNCTION	function:a726d9ca63d9
function:a726d9ca63d9	HAS_MODE	mode:b58d79e47e69
mode:b58d79e47e69	LEADS_TO	effect:5ec0a660a34e
mode:b58d79e47e69	LEADS_TO	effect:74db67ecbf05
cause:e386cd1d955f	BELONGS_TO	group:cause_regroup_0001
element:62ed973d9639	HAS_FUNCTION	function:4afc2c9a6d3c
element:62ed973d9639	HAS_FUNCTION	function:554eee4c195a
element:62ed973d9639	HAS_FUNCTION	function:910bb893707d
function:4afc2c9a6d3c	HAS_MODE	mode:5135e93a2270
mode:5135e93a2270	LEADS_TO	effect:b81c140b025e
cause:0848e3aeb03a	CAUSES	mode:5135e93a2270
cause:0848e3aeb03a	CAUSES	mode:f9f90fc0c680
cause:0848e3aeb03a	CAUSES_EFFECT	effect:b81c140b025e
function:554eee4c195a	HAS_MODE	mode:f9f90fc0c680
mode:f9f90fc0c680	LEADS_TO	effect:b81c140b025e
mode:19dc0d38167f	LEADS_TO	group:effect_regroup_0002
cause:e35402966887	CAUSES	mode:19dc0d38167f
cause:e35402966887	CAUSES_EFFECT	group:effect_regroup_0002
effect:379d520f89c3	BELONGS_TO	group:effect_regroup_0002
mode:8498acda8a81	LEADS_TO	effect:e08952be3a70
mode:8498acda8a81	LEADS_TO	effect:ad2fcacc3aaa
cause:1960fc236a15	CAUSES	mode:8498acda8a81
cause:1960fc236a15	CAUSES_EFFECT	effect:e08952be3a70
cause:1960fc236a15	CAUSES_EFFECT	effect:ad2fcacc3aaa
cause:6806a4502938	CAUSES	mode:8498acda8a81
cause:6806a4502938	CAUSES_EFFECT	effect:e08952be3a70
cause:6806a4502938	CAUSES_EFFECT	effect:ad2fcacc3aaa
mode:34bd575d8889	LEADS_TO	group:effect_regroup_0003
cause:62f5f8755ada	BELONGS_TO	group:cause_group_0010
effect:31e3324e0665	BELONGS_TO	group:effect_regroup_0003
cause:1e37fbb1ba03	BELONGS_TO	group:cause_group_0010
cause:f5fe3fc7e828	CAUSES	mode:34bd575d8889
cause:f5fe3fc7e828	CAUSES_EFFECT	group:effect_regroup_0003
mode:c09201f184b9	LEADS_TO	effect:e42970ba1c40
cause:2301b889d461	CAUSES	mode:c09201f184b9
cause:2301b889d461	CAUSES_EFFECT	effect:e42970ba1c40
mode:d64bce0b0f15	LEADS_TO	effect:a2c451a7fa4e
cause:6c88ce0ee4ca	BELONGS_TO	group:cause_group_0013
element:d68d5809b919	HAS_FUNCTION	function:0db377921f4c
element:d68d5809b919	HAS_FUNCTION	function:1c304b0314a2
element:d68d5809b919	HAS_FUNCTION	function:89e217b43fa9
element:d68d5809b919	HAS_FUNCTION	function:9a7889cb47ee
function:0db377921f4c	HAS_MODE	mode:3dc2c0bcfd55
function:0db377921f4c	HAS_MODE	mode:e24948f9aadb
mode:3dc2c0bcfd55	LEADS_TO	group:effect_group_0011
cause:f6f82cc32114	CAUSES	mode:3dc2c0bcfd55
cause:f6f82cc32114	CAUSES_EFFECT	group:effect_group_0011
effect:c56c4c776800	BELONGS_TO	group:effect_group_0011
cause:f26904368c26	CAUSES	mode:3dc2c0bcfd55
cause:f26904368c26	CAUSES_EFFECT	group:effect_group_0011
cause:cca55dc24adf	CAUSES	mode:3dc2c0bcfd55
cause:cca55dc24adf	CAUSES_EFFECT	group:effect_group_0011
cause:66189b79f26e	CAUSES	mode:3dc2c0bcfd55
cause:66189b79f26e	CAUSES_EFFECT	group:effect_group_0011
function:1c304b0314a2	HAS_MODE	mode:e7e164f7dcc2
function:1c304b0314a2	HAS_MODE	group:mode_group_0015
mode:3e62cf5faab2	BELONGS_TO	group:mode_group_0015
cause:4add2cb9c335	BELONGS_TO	group:cause_group_0010
effect:e52f49b01bf9	BELONGS_TO	group:effect_group_0011
mode:e7e164f7dcc2	LEADS_TO	effect:064abcb712e2
mode:e7e164f7dcc2	LEADS_TO	effect:bd219d2f21c1
mode:e7e164f7dcc2	LEADS_TO	group:effect_group_0011
cause:a8f452cc575a	CAUSES	mode:e7e164f7dcc2
cause:a8f452cc575a	CAUSES_EFFECT	group:effect_group_0011
effect:7378c5a237f9	BELONGS_TO	group:effect_group_0011
function:89e217b43fa9	HAS_MODE	group:mode_group_0017
mode:8d634b20adc5	BELONGS_TO	group:mode_group_0017
cause:850570d74328	CAUSES	group:mode_group_0017
cause:850570d74328	CAUSES_EFFECT	group:effect_regroup_0005
effect:aa098eb6a193	BELONGS_TO	group:effect_regroup_0005
element:7eeabb2dfd69	HAS_FUNCTION	function:718f0b17fb5d
element:7eeabb2dfd69	HAS_FUNCTION	function:442c7e3fe92a
element:7eeabb2dfd69	HAS_FUNCTION	function:9278e51e337b
element:7eeabb2dfd69	HAS_FUNCTION	function:a898afe96175
function:718f0b17fb5d	HAS_MODE	group:mode_group_0018
mode:ab5dc652baa8	BELONGS_TO	group:mode_group_0018
cause:b4d590bcd144	CAUSES	group:mode_group_0020
cause:b4d590bcd144	CAUSES	group:mode_group_0018
cause:b4d590bcd144	CAUSES_EFFECT	group:effect_group_0011
effect:8698fe4e0cef	BELONGS_TO	group:effect_group_0011
mode:a2b766cd5cf1	BELONGS_TO	group:mode_group_0018
cause:33ddf2e7731f	CAUSES	group:mode_group_0020
cause:33ddf2e7731f	CAUSES	group:mode_group_0018
cause:33ddf2e7731f	CAUSES_EFFECT	effect:bd219d2f21c1
cause:33ddf2e7731f	CAUSES_EFFECT	group:effect_group_0011
cause:d6aef09f4551	CAUSES	group:mode_group_0020
cause:d6aef09f4551	CAUSES	group:mode_group_0018
cause:d6aef09f4551	CAUSES_EFFECT	group:effect_group_0011
cause:54ac237ac864	CAUSES	group:mode_group_0018
cause:54ac237ac864	CAUSES_EFFECT	group:effect_group_0011
function:442c7e3fe92a	HAS_MODE	mode:8dd5f1e4c060
mode:8dd5f1e4c060	LEADS_TO	group:effect_group_0011
cause:445b46652379	CAUSES	mode:8dd5f1e4c060
cause:445b46652379	CAUSES	mode:edc7b8a7d060
cause:445b46652379	CAUSES_EFFECT	group:effect_group_0011
function:9278e51e337b	HAS_MODE	group:mode_group_0020
mode:a20f20e12245	BELONGS_TO	group:mode_group_0020
mode:9e705d68fa59	BELONGS_TO	group:mode_group_0020
function:a898afe96175	HAS_MODE	mode:edc7b8a7d060
mode:edc7b8a7d060	LEADS_TO	group:effect_group_0011
element:331b5a401b57	HAS_FUNCTION	function:58b5f33b862d
function:58b5f33b862d	HAS_MODE	group:mode_regroup_0002
mode:0774e2f98b77	BELONGS_TO	group:mode_regroup_0002
cause:225c8b437132	CAUSES	group:mode_regroup_0002
cause:225c8b437132	CAUSES_EFFECT	effect:cdb7954f9525
element:60ab3c8e6071	HAS_FUNCTION	function:2a08fbadd4e6
element:60ab3c8e6071	HAS_FUNCTION	function:f2c73d232c1b
element:60ab3c8e6071	HAS_FUNCTION	function:0ce91a9cbcb7
element:60ab3c8e6071	HAS_FUNCTION	function:940653e6e1e6
element:60ab3c8e6071	HAS_FUNCTION	function:74248c725e00
function:2a08fbadd4e6	HAS_MODE	mode:32fd6686d7df
function:2a08fbadd4e6	HAS_MODE	group:mode_regroup_0003
mode:55f6fe5078b6	BELONGS_TO	group:mode_regroup_0003
cause:07c9a458b907	CAUSES	mode:5c866e570384
cause:07c9a458b907	CAUSES	mode:9fc4cbcfd9cd
cause:07c9a458b907	CAUSES	group:mode_regroup_0003
cause:07c9a458b907	CAUSES_EFFECT	effect:bd219d2f21c1
cause:07c9a458b907	CAUSES_EFFECT	group:effect_group_0011
cause:07c9a458b907	CAUSES_EFFECT	group:effect_regroup_0005
cause:2f18dd3406b9	CAUSES	mode:d2730e752c72
cause:2f18dd3406b9	CAUSES	group:mode_regroup_0003
cause:2f18dd3406b9	CAUSES_EFFECT	effect:064abcb712e2
cause:2f18dd3406b9	CAUSES_EFFECT	effect:f3f8b95a821e
mode:32fd6686d7df	LEADS_TO	group:effect_regroup_0005
cause:84beea7789d5	CAUSES	mode:32fd6686d7df
cause:84beea7789d5	CAUSES	mode:c035c87bfadd
cause:84beea7789d5	CAUSES_EFFECT	effect:bd219d2f21c1
cause:84beea7789d5	CAUSES_EFFECT	group:effect_regroup_0005
function:f2c73d232c1b	HAS_MODE	mode:5c866e570384
function:f2c73d232c1b	HAS_MODE	mode:9fc4cbcfd9cd
function:f2c73d232c1b	HAS_MODE	mode:895e038262e9
mode:5c866e570384	LEADS_TO	effect:bd219d2f21c1
mode:5c866e570384	LEADS_TO	group:effect_regroup_0005
cause:a1bcbbe4e8e9	CAUSES	mode:5c866e570384
cause:a1bcbbe4e8e9	CAUSES	mode:895e038262e9
cause:a1bcbbe4e8e9	CAUSES_EFFECT	effect:bd219d2f21c1
cause:a1bcbbe4e8e9	CAUSES_EFFECT	effect:f3f8b95a821e
cause:a1bcbbe4e8e9	CAUSES_EFFECT	group:effect_regroup_0005
mode:9fc4cbcfd9cd	LEADS_TO	group:effect_group_0011
mode:895e038262e9	LEADS_TO	effect:f3f8b95a821e
function:0ce91a9cbcb7	HAS_MODE	mode:c035c87bfadd
mode:c035c87bfadd	LEADS_TO	effect:bd219d2f21c1
function:940653e6e1e6	HAS_MODE	mode:f5021b9f6532
mode:f5021b9f6532	LEADS_TO	effect:91ccd57d848b
mode:f5021b9f6532	LEADS_TO	group:effect_group_0011
cause:a0200b5225bf	BELONGS_TO	group:cause_group_0030
function:74248c725e00	HAS_MODE	mode:a9bdad4d1775
function:74248c725e00	HAS_MODE	mode:d2730e752c72
function:74248c725e00	HAS_MODE	mode:7643a6f4efff
function:74248c725e00	HAS_MODE	group:mode_group_0030
mode:bee9e0d8e8e9	BELONGS_TO	group:mode_group_0030
cause:6d2430114a2e	CAUSES	group:mode_group_0030
cause:6d2430114a2e	CAUSES_EFFECT	group:effect_group_0011
mode:a9bdad4d1775	LEADS_TO	effect:bd219d2f21c1
cause:206191f3110a	CAUSES	mode:a9bdad4d1775
cause:206191f3110a	CAUSES_EFFECT	effect:bd219d2f21c1
mode:d2730e752c72	LEADS_TO	effect:f3f8b95a821e
mode:7643a6f4efff	LEADS_TO	effect:f3f8b95a821e
cause:2c99f54cbd09	CAUSES	mode:7643a6f4efff
cause:2c99f54cbd09	CAUSES_EFFECT	effect:f3f8b95a821e
element:5cb165af0b32	HAS_FUNCTION	function:04eff11075cf
element:5cb165af0b32	HAS_FUNCTION	function:4071423ed32f
element:5cb165af0b32	HAS_FUNCTION	function:f99681e44f57
function:04eff11075cf	HAS_MODE	mode:e771319751a6
function:04eff11075cf	HAS_MODE	group:mode_regroup_0001
mode:a1714aba3b49	BELONGS_TO	group:mode_regroup_0001
cause:7d9a08021ddf	CAUSES	mode:82f47bc4a22d
cause:7d9a08021ddf	CAUSES	group:mode_regroup_0001
cause:7d9a08021ddf	CAUSES_EFFECT	effect:cdb7954f9525
cause:7d9a08021ddf	CAUSES_EFFECT	group:effect_group_0015
effect:522546146aa7	BELONGS_TO	group:effect_group_0015
cause:681fa0f3a107	CAUSES	mode:82f47bc4a22d
cause:681fa0f3a107	CAUSES	group:mode_regroup_0001
cause:681fa0f3a107	CAUSES_EFFECT	effect:8c26d0f37897
cause:681fa0f3a107	CAUSES_EFFECT	group:effect_group_0015
mode:e771319751a6	LEADS_TO	group:effect_group_0015
cause:24bb46290613	CAUSES	mode:e771319751a6
cause:24bb46290613	CAUSES_EFFECT	group:effect_group_0015
function:4071423ed32f	HAS_MODE	mode:82f47bc4a22d
mode:82f47bc4a22d	LEADS_TO	effect:cdb7954f9525
mode:82f47bc4a22d	LEADS_TO	effect:8c26d0f37897
function:f99681e44f57	HAS_MODE	group:mode_group_0035
mode:3837e6c82b51	BELONGS_TO	group:mode_group_0035
cause:3dfbcf3582fb	CAUSES	group:mode_group_0035
cause:3dfbcf3582fb	CAUSES_EFFECT	effect:40668984eb01
mode:aa4b7f0d00c8	BELONGS_TO	group:mode_group_0035
cause:ca46f156c7c3	CAUSES	group:mode_group_0035
cause:ca46f156c7c3	CAUSES_EFFECT	effect:40668984eb01
cause:b5f7d54eba98	CAUSES	group:mode_group_0035
cause:b5f7d54eba98	CAUSES_EFFECT	effect:40668984eb01
element:85090ab80a23	HAS_FUNCTION	function:4248cc6527cf
function:4248cc6527cf	HAS_MODE	mode:6119442a0827
mode:6119442a0827	LEADS_TO	group:effect_group_0018
cause:6397b8b3e07f	CAUSES	mode:6119442a0827
cause:6397b8b3e07f	CAUSES_EFFECT	group:effect_group_0018
effect:5f6fd4e0caf7	BELONGS_TO	group:effect_group_0018
element:9f3187a05b9f	HAS_FUNCTION	function:7deff39593c9
function:7deff39593c9	HAS_MODE	group:mode_group_0037
mode:65d79fe2a1e0	BELONGS_TO	group:mode_group_0037
cause:46fcd5880e46	CAUSES	group:mode_group_0037
cause:46fcd5880e46	CAUSES_EFFECT	effect:267390e05d11
cause:46fcd5880e46	CAUSES_EFFECT	group:effect_group_0019
effect:ed9d18816d89	BELONGS_TO	group:effect_group_0019
mode:72039f9e398b	BELONGS_TO	group:mode_group_0037
element:59e54b11be6b	HAS_FUNCTION	function:0db377921f4c
mode:e24948f9aadb	LEADS_TO	group:effect_group_0018
cause:6a365e7fdebd	CAUSES	mode:e24948f9aadb
cause:6a365e7fdebd	CAUSES_EFFECT	group:effect_group_0018
effect:83f2e2170070	BELONGS_TO	group:effect_group_0018
element:cd39eb48e3a5	HAS_FUNCTION	function:dd339507f8d1
function:dd339507f8d1	HAS_MODE	group:mode_group_0039
mode:a06083f7e86b	BELONGS_TO	group:mode_group_0039
cause:a95f7d29b90c	BELONGS_TO	group:cause_group_0043
cause:b79ce3b47c41	BELONGS_TO	group:cause_group_0043
cause:77578d5c92d2	CAUSES	group:mode_group_0039
cause:77578d5c92d2	CAUSES_EFFECT	group:effect_group_0018
element:3bbfdace1efd	HAS_FUNCTION	function:ee7a8e262285
function:ee7a8e262285	HAS_MODE	group:mode_group_0040
mode:28a608025ff0	BELONGS_TO	group:mode_group_0040
cause:7d268cc35ec1	CAUSES	group:mode_group_0040
cause:7d268cc35ec1	CAUSES_EFFECT	group:effect_group_0018
element:93b8950ad8f5	HAS_FUNCTION	function:b6d6fd7e3484
element:93b8950ad8f5	HAS_FUNCTION	function:fe42236edd95
element:93b8950ad8f5	HAS_FUNCTION	function:1629dd7660a8
function:b6d6fd7e3484	HAS_MODE	mode:4ed4fae20598
function:b6d6fd7e3484	HAS_MODE	mode:df28a3c6bfa6
mode:4ed4fae20598	LEADS_TO	effect:b3990400df05
cause:ab77a19259ec	CAUSES	mode:4ed4fae20598
cause:ab77a19259ec	CAUSES	mode:36917b3ec5e2
cause:ab77a19259ec	CAUSES	mode:df28a3c6bfa6
cause:ab77a19259ec	CAUSES	mode:ecaaf0c43f06
cause:ab77a19259ec	CAUSES	mode:d83b4ce4de05
cause:ab77a19259ec	CAUSES_EFFECT	effect:b3990400df05
cause:ab77a19259ec	CAUSES_EFFECT	effect:20193e8f33d0
cause:ab77a19259ec	CAUSES_EFFECT	effect:8d785a8c6e60
cause:ab77a19259ec	CAUSES_EFFECT	effect:de3a33e4274a
cause:ab77a19259ec	CAUSES_EFFECT	effect:a17231281cbe
function:fe42236edd95	HAS_MODE	mode:9d0aa834aa96
mode:9d0aa834aa96	LEADS_TO	effect:142fab1c9b5c
cause:3cb67c77d720	CAUSES	mode:9d0aa834aa96
cause:3cb67c77d720	CAUSES_EFFECT	effect:142fab1c9b5c
cause:fe435a8a4bb6	CAUSES	mode:9d0aa834aa96
cause:fe435a8a4bb6	CAUSES_EFFECT	effect:142fab1c9b5c
function:1629dd7660a8	HAS_MODE	mode:36917b3ec5e2
function:1629dd7660a8	HAS_MODE	mode:ecaaf0c43f06
function:1629dd7660a8	HAS_MODE	mode:d83b4ce4de05
mode:36917b3ec5e2	LEADS_TO	effect:20193e8f33d0
mode:36917b3ec5e2	LEADS_TO	effect:de3a33e4274a
element:2c61ebff5a7f	HAS_FUNCTION	function:6b8228042ebe
function:6b8228042ebe	HAS_MODE	mode:b58d79e47e69
cause:7256fa309ee4	BELONGS_TO	group:cause_regroup_0001
element:574ab36aa9a7	HAS_FUNCTION	function:4c6458d449a4
element:574ab36aa9a7	HAS_FUNCTION	function:97e7c9a7d06e
function:4c6458d449a4	HAS_MODE	mode:9ad9c207600f
mode:9ad9c207600f	LEADS_TO	effect:5cbf6d13d3e4
cause:20d7d9ddf987	CAUSES	mode:9ad9c207600f
cause:20d7d9ddf987	CAUSES_EFFECT	effect:5cbf6d13d3e4
function:910bb893707d	HAS_MODE	mode:6ba1bd94eadb
mode:6ba1bd94eadb	LEADS_TO	effect:a3f5ac82c42b
cause:751a14f0de8c	CAUSES	mode:6ba1bd94eadb
cause:751a14f0de8c	CAUSES_EFFECT	effect:a3f5ac82c42b
cause:2f58c8aeff05	BELONGS_TO	group:cause_group_0051
cause:675245071fc7	BELONGS_TO	group:cause_group_0051
element:d9747e2da342	HAS_FUNCTION	function:b86ff0c0762b
function:b86ff0c0762b	HAS_MODE	mode:9d0aa834aa96
cause:f4dd98342693	CAUSES	mode:9d0aa834aa96
cause:f4dd98342693	CAUSES_EFFECT	effect:142fab1c9b5c
mode:feadc8e588b1	LEADS_TO	effect:59dba88fab52
cause:0d40b7a74e9e	CAUSES	mode:feadc8e588b1
cause:0d40b7a74e9e	CAUSES_EFFECT	effect:59dba88fab52
mode:361320883d41	LEADS_TO	group:effect_group_0003
cause:7209db442c09	BELONGS_TO	group:cause_group_0054
effect:2ecdde68fb94	BELONGS_TO	group:effect_group_0003
mode:c3f698d0017b	BELONGS_TO	group:mode_group_0048
cause:bf616d97a254	CAUSES	group:mode_group_0048
cause:bf616d97a254	CAUSES_EFFECT	effect:eca13056359f
cause:9cdec502dc4e	CAUSES	group:mode_group_0048
cause:9cdec502dc4e	CAUSES_EFFECT	effect:eca13056359f
mode:279bff7b46b2	BELONGS_TO	group:mode_group_0049
cause:8330ffc0b7d4	CAUSES	group:mode_group_0049
cause:8330ffc0b7d4	CAUSES_EFFECT	effect:ff737685d237
cause:2d1aa0be9c6c	BELONGS_TO	group:cause_regroup_0003
mode:a6d4e5315246	LEADS_TO	effect:4c711e799726
cause:1703574bc7f8	BELONGS_TO	group:cause_group_0057
mode:3318e92f16b9	LEADS_TO	group:effect_regroup_0003
cause:be6ff5488130	BELONGS_TO	group:cause_group_0059
effect:4d8e50cd50f9	BELONGS_TO	group:effect_regroup_0003
mode:ec31e17ec22e	BELONGS_TO	group:mode_group_0051
cause:317d52be495c	CAUSES	mode:d85c4ef85d54
cause:317d52be495c	CAUSES	mode:69ccaec4e476
cause:317d52be495c	CAUSES	group:mode_group_0051
cause:317d52be495c	CAUSES_EFFECT	effect:61373bef8d18
cause:317d52be495c	CAUSES_EFFECT	group:effect_group_0003
cause:e9d92acea279	BELONGS_TO	group:cause_group_0061
cause:93a74d476b98	BELONGS_TO	group:cause_group_0062
mode:d85c4ef85d54	LEADS_TO	effect:61373bef8d18
cause:10ff7b30d46c	BELONGS_TO	group:cause_group_0062
cause:393ed0dd2dcb	BELONGS_TO	group:cause_group_0061
mode:c2d7a52e4f52	BELONGS_TO	group:mode_group_0053
cause:e4d5050997ee	BELONGS_TO	group:cause_group_0063
mode:0d51cc9174bc	LEADS_TO	group:effect_group_0003
cause:0f361a1f2611	CAUSES	mode:0d51cc9174bc
cause:0f361a1f2611	CAUSES_EFFECT	group:effect_group_0003
mode:2a42ac0db640	LEADS_TO	group:effect_group_0003
cause:a0ccfa98d537	BELONGS_TO	group:cause_group_0054
mode:9758660df99c	BELONGS_TO	group:mode_group_0056
cause:670ec920d6b6	CAUSES	group:mode_group_0056
cause:670ec920d6b6	CAUSES_EFFECT	group:effect_group_0003
cause:184bf51d9d11	BELONGS_TO	group:cause_regroup_0004
cause:3ccc73107fcb	BELONGS_TO	group:cause_group_0067
cause:fdac915e1200	BELONGS_TO	group:cause_regroup_0005
mode:9f75fcab63ec	BELONGS_TO	group:mode_regroup_0007
cause:49a886587cbf	BELONGS_TO	group:cause_regroup_0006
effect:643d5e858147	BELONGS_TO	group:effect_group_0032
cause:90097c672f6d	CAUSES	group:mode_group_0200
cause:90097c672f6d	CAUSES	group:mode_regroup_0007
cause:90097c672f6d	CAUSES_EFFECT	group:effect_group_0032
mode:a8ced1e7428b	BELONGS_TO	group:mode_regroup_0003
cause:5432de74243d	CAUSES	group:mode_regroup_0003
cause:5432de74243d	CAUSES_EFFECT	effect:d72371052aff
mode:2c26b1d33752	LEADS_TO	group:effect_group_0034
cause:3d0b38dc2829	CAUSES	mode:2c26b1d33752
cause:3d0b38dc2829	CAUSES_EFFECT	group:effect_group_0034
effect:ce5b291a5fed	BELONGS_TO	group:effect_group_0034
cause:0418180ea9a1	BELONGS_TO	group:cause_group_0063
cause:c1152c8f0b96	CAUSES	mode:2c26b1d33752
cause:c1152c8f0b96	CAUSES_EFFECT	group:effect_group_0034
mode:260449646425	LEADS_TO	effect:988ce6890972
cause:47d8078a1491	CAUSES	mode:260449646425
cause:47d8078a1491	CAUSES_EFFECT	effect:988ce6890972
mode:698f4a75619e	BELONGS_TO	group:mode_group_0060
cause:8484260cb796	BELONGS_TO	group:cause_group_0072
mode:96b55e776ad1	BELONGS_TO	group:mode_group_0060
mode:94d3c5451249	LEADS_TO	effect:d9d1e695f1ba
cause:a52b118d743c	BELONGS_TO	group:cause_group_0054
mode:32b7c266b3aa	BELONGS_TO	group:mode_regroup_0003
mode:575aa8988e43	LEADS_TO	effect:7d104cde7f7b
cause:fac08320b9b7	CAUSES	mode:575aa8988e43
cause:fac08320b9b7	CAUSES_EFFECT	effect:7d104cde7f7b
mode:852fe081562d	LEADS_TO	effect:1f7a357b69bd
cause:39cd4ffbd410	CAUSES	mode:852fe081562d
cause:39cd4ffbd410	CAUSES_EFFECT	effect:1f7a357b69bd
mode:495268e38da0	LEADS_TO	effect:161d45fdf2a7
mode:8eaf04c19d2c	LEADS_TO	group:effect_regroup_0006
effect:54281c20718b	BELONGS_TO	group:effect_regroup_0006
mode:1571bff3df63	LEADS_TO	effect:5922e2c10777
cause:7241d256c0a9	CAUSES	mode:1571bff3df63
cause:7241d256c0a9	CAUSES_EFFECT	effect:5922e2c10777
cause:029aee483db9	CAUSES	mode:1571bff3df63
cause:029aee483db9	CAUSES_EFFECT	effect:5922e2c10777
mode:9c5286392a75	LEADS_TO	effect:aed37cd3df82
mode:3b5ba865ef00	LEADS_TO	effect:e939b14d1c3a
mode:7c334879dd2c	LEADS_TO	effect:d4cf5c4c43a0
cause:445a359c59cb	BELONGS_TO	group:cause_group_0054
mode:db8ac509e143	LEADS_TO	effect:a8fb656b2d84
mode:ecfbc67e60db	LEADS_TO	effect:9dfc0dc24954
mode:26f8476536b5	BELONGS_TO	group:mode_regroup_0009
effect:ea1d50197c49	BELONGS_TO	group:effect_regroup_0006
element:33e8d226ec3d	HAS_FUNCTION	function:0a6000ab353c
function:0a6000ab353c	HAS_MODE	mode:0492fcfdb910
mode:0492fcfdb910	LEADS_TO	effect:35cdde0abb6d
cause:494a96e2a520	CAUSES	mode:0492fcfdb910
cause:494a96e2a520	CAUSES_EFFECT	effect:35cdde0abb6d
cause:2507be6ce253	CAUSES	mode:0492fcfdb910
cause:2507be6ce253	CAUSES_EFFECT	effect:35cdde0abb6d
cause:4ed475ad58a5	CAUSES	mode:0492fcfdb910
cause:4ed475ad58a5	CAUSES_EFFECT	effect:35cdde0abb6d
element:9fe85f87df7b	HAS_FUNCTION	function:a2e5a81a5ede
element:9fe85f87df7b	HAS_FUNCTION	function:0b3866e07cd6
function:a2e5a81a5ede	HAS_MODE	mode:a1fecec33dd0
mode:a1fecec33dd0	LEADS_TO	effect:35cdde0abb6d
cause:1a301c412a94	CAUSES	mode:a1fecec33dd0
cause:1a301c412a94	CAUSES	mode:3a836c1669c9
cause:1a301c412a94	CAUSES_EFFECT	effect:35cdde0abb6d
function:0b3866e07cd6	HAS_MODE	mode:3a836c1669c9
mode:3a836c1669c9	LEADS_TO	effect:35cdde0abb6d
element:ae30a5718d5a	HAS_FUNCTION	function:6491f6e1d13b
function:6491f6e1d13b	HAS_MODE	mode:ad6bd5728383
mode:ad6bd5728383	LEADS_TO	effect:ce8bd8730323
mode:ad6bd5728383	LEADS_TO	effect:10a4a7029942
cause:eb3da5bddb36	BELONGS_TO	group:cause_group_0081
element:fb9758794a55	HAS_FUNCTION	function:5152cfad10f0
function:5152cfad10f0	HAS_MODE	mode:5f66727a4746
function:5152cfad10f0	HAS_MODE	mode:e8cd16564921
mode:5f66727a4746	LEADS_TO	effect:6e3e471bfc85
cause:702f92271df6	CAUSES	mode:5f66727a4746
cause:702f92271df6	CAUSES_EFFECT	effect:6e3e471bfc85
cause:b4167da34855	CAUSES	mode:5f66727a4746
cause:b4167da34855	CAUSES_EFFECT	effect:6e3e471bfc85
mode:e8cd16564921	LEADS_TO	effect:3af1fa7ed862
cause:affca1ecc786	CAUSES	mode:e8cd16564921
cause:affca1ecc786	CAUSES_EFFECT	effect:3af1fa7ed862
mode:b9ac68174be9	LEADS_TO	effect:f9acf9bedb23
cause:002d200063c4	CAUSES	mode:b9ac68174be9
cause:002d200063c4	CAUSES_EFFECT	effect:f9acf9bedb23
mode:02f179b482cf	LEADS_TO	group:effect_regroup_0007
cause:0669ebbcaf3a	CAUSES	mode:02f179b482cf
cause:0669ebbcaf3a	CAUSES_EFFECT	group:effect_regroup_0007
effect:d6ecc88aa0ca	BELONGS_TO	group:effect_regroup_0007
cause:04ba39e677a2	CAUSES	mode:02f179b482cf
cause:04ba39e677a2	CAUSES_EFFECT	group:effect_regroup_0007
mode:61f8a07a73ec	LEADS_TO	effect:630f7957789d
cause:fe80ed0e1ec8	CAUSES	mode:61f8a07a73ec
cause:fe80ed0e1ec8	CAUSES_EFFECT	effect:630f7957789d
mode:5fd81d3bc86a	LEADS_TO	effect:dcf00d5b12ee
cause:8989a9e2c3d6	CAUSES	mode:5fd81d3bc86a
cause:8989a9e2c3d6	CAUSES	mode:b5036b2df81d
cause:8989a9e2c3d6	CAUSES_EFFECT	effect:dcf00d5b12ee
mode:b5036b2df81d	LEADS_TO	effect:dcf00d5b12ee
mode:5dd348f232bf	LEADS_TO	effect:630f7957789d
cause:dac721db52d8	BELONGS_TO	group:cause_group_0081
mode:b8158daa23c0	BELONGS_TO	group:mode_regroup_0010
cause:9e0ee11aac07	CAUSES	group:mode_regroup_0010
cause:9e0ee11aac07	CAUSES_EFFECT	effect:30a99f2ed766
mode:8b32b45c2f00	LEADS_TO	effect:d01947992d22
cause:86b251b74aec	CAUSES	mode:8b32b45c2f00
cause:86b251b74aec	CAUSES_EFFECT	effect:d01947992d22
mode:32dc1305499f	LEADS_TO	group:effect_group_0058
cause:ad98b7ded5e0	CAUSES	mode:32dc1305499f
cause:ad98b7ded5e0	CAUSES_EFFECT	group:effect_group_0058
effect:ba5e342fcbee	BELONGS_TO	group:effect_group_0058
mode:4d4c35fb57d8	LEADS_TO	group:effect_group_0059
cause:a719849c7a9d	CAUSES	mode:4d4c35fb57d8
cause:a719849c7a9d	CAUSES_EFFECT	group:effect_group_0059
effect:3903d88dcca9	BELONGS_TO	group:effect_group_0059
mode:df74f811a94a	LEADS_TO	effect:54363b9be88c
cause:ced38737c354	CAUSES	mode:df74f811a94a
cause:ced38737c354	CAUSES_EFFECT	effect:54363b9be88c
mode:f3fe29a36014	LEADS_TO	effect:51b541789f39
cause:9aa119b2c274	CAUSES	mode:f3fe29a36014
cause:9aa119b2c274	CAUSES_EFFECT	effect:51b541789f39
mode:983efc329ea4	LEADS_TO	effect:af84ab943d06
cause:bbb3c14628db	CAUSES	mode:983efc329ea4
cause:bbb3c14628db	CAUSES_EFFECT	effect:af84ab943d06
element:c1cbfe271a40	HAS_FUNCTION	function:766d7695b8f0
function:766d7695b8f0	HAS_MODE	mode:52d7e8cfecc0
mode:52d7e8cfecc0	LEADS_TO	effect:1ef6c34922ed
cause:321d6553914a	CAUSES	mode:52d7e8cfecc0
cause:321d6553914a	CAUSES_EFFECT	effect:1ef6c34922ed
cause:345f79977d01	CAUSES	mode:52d7e8cfecc0
cause:345f79977d01	CAUSES_EFFECT	effect:1ef6c34922ed
element:185ee72ba510	HAS_FUNCTION	function:6472ce41c26b
function:6472ce41c26b	HAS_MODE	mode:4b7650d7464b
mode:4b7650d7464b	LEADS_TO	effect:1ef6c34922ed
cause:6b7842309569	CAUSES	mode:4b7650d7464b
cause:6b7842309569	CAUSES_EFFECT	effect:1ef6c34922ed
cause:007df69d16e8	CAUSES	mode:4b7650d7464b
cause:007df69d16e8	CAUSES_EFFECT	effect:1ef6c34922ed
mode:ac7909755b70	LEADS_TO	effect:dec4040d3d9e
cause:2dc87239fe3d	CAUSES	mode:ac7909755b70
cause:2dc87239fe3d	CAUSES_EFFECT	effect:dec4040d3d9e
mode:edc9324f9423	LEADS_TO	effect:4ea1c4aa842c
cause:caeaf3df68b5	CAUSES	mode:edc9324f9423
cause:caeaf3df68b5	CAUSES_EFFECT	effect:4ea1c4aa842c
element:f140bd9033bd	HAS_FUNCTION	function:fa0287a533a6
function:fa0287a533a6	HAS_MODE	group:mode_group_0093
mode:d0150dec3b10	BELONGS_TO	group:mode_group_0093
cause:3cf058200f5f	CAUSES	group:mode_group_0093
cause:3cf058200f5f	CAUSES_EFFECT	effect:b9ae67245b7c
cause:3cf058200f5f	CAUSES_EFFECT	effect:d151a1ec6d49
cause:533df053383d	CAUSES	group:mode_group_0093
cause:533df053383d	CAUSES	group:mode_group_0094
cause:533df053383d	CAUSES_EFFECT	effect:b9ae67245b7c
cause:533df053383d	CAUSES_EFFECT	effect:d151a1ec6d49
cause:ea0096a571be	BELONGS_TO	group:cause_group_0102
cause:3f5472e4aa48	CAUSES	group:mode_group_0093
cause:3f5472e4aa48	CAUSES_EFFECT	effect:83cca8d4bf2e
element:117d417c6dbe	HAS_FUNCTION	function:26928a8c830f
function:26928a8c830f	HAS_MODE	group:mode_group_0094
mode:2e05cc6b5fdd	BELONGS_TO	group:mode_group_0094
cause:a9ff9ae02553	BELONGS_TO	group:cause_group_0104
cause:5fb80dc42152	CAUSES	group:mode_group_0094
cause:5fb80dc42152	CAUSES_EFFECT	effect:2f776b20b188
cause:4ba3e8e7df21	BELONGS_TO	group:cause_group_0105
mode:dc678c54098b	BELONGS_TO	group:mode_group_0094
cause:9b15b7a67908	BELONGS_TO	group:cause_group_0010
cause:0ef8da5c3677	CAUSES	group:mode_group_0094
cause:0ef8da5c3677	CAUSES_EFFECT	effect:b9ae67245b7c
cause:d4d37c040425	BELONGS_TO	group:cause_group_0102
mode:2a4cec8ce76b	BELONGS_TO	group:mode_group_0094
element:66a9032aa008	HAS_FUNCTION	function:59f2f651f4f5
function:59f2f651f4f5	HAS_MODE	mode:4aa348eb051b
mode:4aa348eb051b	LEADS_TO	effect:74b43c998557
cause:ee0785f8f50a	CAUSES	mode:4aa348eb051b
cause:ee0785f8f50a	CAUSES_EFFECT	effect:74b43c998557
cause:55f4d54ee235	CAUSES	mode:4aa348eb051b
cause:55f4d54ee235	CAUSES_EFFECT	effect:74b43c998557
element:903c69ed336a	HAS_FUNCTION	function:027a2f21bd7f
function:027a2f21bd7f	HAS_MODE	mode:076c5a40ab08
mode:076c5a40ab08	LEADS_TO	group:effect_group_0059
cause:b2af4a7b3ba4	CAUSES	mode:076c5a40ab08
cause:b2af4a7b3ba4	CAUSES_EFFECT	group:effect_group_0059
effect:f9c280d7572a	BELONGS_TO	group:effect_group_0059
mode:360c2c118e4e	LEADS_TO	group:effect_regroup_0010
cause:995a1861b390	CAUSES	mode:360c2c118e4e
cause:995a1861b390	CAUSES_EFFECT	group:effect_regroup_0010
effect:fc24b522734b	BELONGS_TO	group:effect_regroup_0010
mode:565bd282e44a	LEADS_TO	effect:8aafd1f1b0f9
cause:2fb0d2f81cf3	CAUSES	mode:565bd282e44a
cause:2fb0d2f81cf3	CAUSES_EFFECT	effect:8aafd1f1b0f9
mode:72b6760132e1	LEADS_TO	effect:38b84a132685
cause:a0ef332d21ef	CAUSES	mode:72b6760132e1
cause:a0ef332d21ef	CAUSES_EFFECT	effect:38b84a132685
mode:463b6052b483	BELONGS_TO	group:mode_regroup_0007
effect:9685ceef7329	BELONGS_TO	group:effect_regroup_0011
mode:99767448aa60	BELONGS_TO	group:mode_regroup_0012
cause:d508b2891551	CAUSES	group:mode_regroup_0012
cause:d508b2891551	CAUSES_EFFECT	effect:8aafd1f1b0f9
mode:a9942af06d9a	BELONGS_TO	group:mode_regroup_0013
cause:3cb6f2a154c8	CAUSES	group:mode_regroup_0013
cause:3cb6f2a154c8	CAUSES_EFFECT	effect:3ed28e6c170b
mode:be65d298fe85	BELONGS_TO	group:mode_group_0101
cause:90c270b36720	CAUSES	group:mode_group_0101
cause:90c270b36720	CAUSES_EFFECT	group:effect_regroup_0012
effect:d8fbdf130c2f	BELONGS_TO	group:effect_regroup_0012
mode:d5a68540a6d3	BELONGS_TO	group:mode_group_0030
cause:ce9fa191fc4b	CAUSES	group:mode_group_0030
cause:ce9fa191fc4b	CAUSES_EFFECT	group:effect_regroup_0012
effect:c6ed8f73dfa0	BELONGS_TO	group:effect_regroup_0012
mode:dc4ebef4ab7f	LEADS_TO	effect:0f1225a5cb7d
cause:8f1ff00235ca	CAUSES	mode:dc4ebef4ab7f
cause:8f1ff00235ca	CAUSES	mode:d50533c3d99e
cause:8f1ff00235ca	CAUSES_EFFECT	effect:0f1225a5cb7d
cause:8f1ff00235ca	CAUSES_EFFECT	effect:912c6c6a71ff
mode:845573e68339	BELONGS_TO	group:mode_regroup_0013
cause:119a861dc754	CAUSES	group:mode_regroup_0013
cause:119a861dc754	CAUSES_EFFECT	group:effect_regroup_0012
mode:6911b7ee351b	LEADS_TO	effect:d1da2b32071e
cause:e92b7800b80d	CAUSES	mode:6911b7ee351b
cause:e92b7800b80d	CAUSES_EFFECT	effect:d1da2b32071e
mode:b987710a5e1a	BELONGS_TO	group:mode_regroup_0014
cause:93ae3a4d5b13	BELONGS_TO	group:cause_group_0105
effect:f9eb4fb486d3	BELONGS_TO	group:effect_regroup_0011
mode:6cf5ad01b0a7	BELONGS_TO	group:mode_regroup_0012
cause:5e5ea9b56c2c	BELONGS_TO	group:cause_group_0105
mode:95b987769399	LEADS_TO	group:effect_regroup_0003
cause:6175f87482bf	CAUSES	mode:95b987769399
cause:6175f87482bf	CAUSES_EFFECT	group:effect_regroup_0003
effect:845573e68339	BELONGS_TO	group:effect_regroup_0003
mode:10e534a46ece	LEADS_TO	effect:d6f0561d76e2
cause:1cee76553ee4	CAUSES	mode:10e534a46ece
cause:1cee76553ee4	CAUSES	group:mode_group_0105
cause:1cee76553ee4	CAUSES_EFFECT	effect:d6f0561d76e2
mode:560ff3c5fbdd	LEADS_TO	effect:d3ed6b524f98
cause:c8fe56131d50	BELONGS_TO	group:cause_group_0122
mode:48aa098519d2	BELONGS_TO	group:mode_regroup_0010
cause:c6080b588d41	BELONGS_TO	group:cause_group_0072
effect:4d668a5e9f76	BELONGS_TO	group:effect_group_0077
mode:8765600d0910	LEADS_TO	group:effect_group_0077
effect:bcfc0d3a065e	BELONGS_TO	group:effect_group_0077
mode:50c1945e69a4	LEADS_TO	effect:e61d0fba67e2
cause:1c8adc3998a4	CAUSES	mode:50c1945e69a4
cause:1c8adc3998a4	CAUSES_EFFECT	effect:e61d0fba67e2
cause:a0bb7ebca973	BELONGS_TO	group:cause_group_0122
mode:e6153947a9cb	BELONGS_TO	group:mode_group_0105
element:2b36465859c2	HAS_FUNCTION	function:b6d6fd7e3484
element:2b36465859c2	HAS_FUNCTION	function:1629dd7660a8
mode:df28a3c6bfa6	LEADS_TO	effect:8d785a8c6e60
mode:ecaaf0c43f06	LEADS_TO	effect:de3a33e4274a
element:4112fc8db5e3	HAS_FUNCTION	function:d39fac91967b
function:d39fac91967b	HAS_MODE	mode:51a1b694826b
mode:51a1b694826b	LEADS_TO	effect:0a190f4cf3bd
cause:d4acd9c5d08d	CAUSES	mode:51a1b694826b
cause:d4acd9c5d08d	CAUSES_EFFECT	effect:0a190f4cf3bd
element:b431103e2d18	HAS_FUNCTION	function:e99e37f0f9dc
function:e99e37f0f9dc	HAS_MODE	group:mode_regroup_0010
mode:fa5a5e43568f	BELONGS_TO	group:mode_regroup_0010
cause:bfc19b807c35	CAUSES	group:mode_regroup_0010
cause:bfc19b807c35	CAUSES_EFFECT	group:effect_group_0056
effect:ab896cb00292	BELONGS_TO	group:effect_group_0056
element:e6ec5a11dfc2	HAS_FUNCTION	function:bc5ed820884e
element:e6ec5a11dfc2	HAS_FUNCTION	function:507b4974188a
function:bc5ed820884e	HAS_MODE	mode:e89e33906848
mode:e89e33906848	LEADS_TO	effect:55f99613fd4c
cause:6e25a2fe7586	CAUSES	mode:e89e33906848
cause:6e25a2fe7586	CAUSES_EFFECT	effect:55f99613fd4c
function:507b4974188a	HAS_MODE	mode:8d586078acde
mode:8d586078acde	LEADS_TO	effect:0e5732b694d0
cause:9c0a3b2ca446	CAUSES	mode:8d586078acde
cause:9c0a3b2ca446	CAUSES_EFFECT	effect:0e5732b694d0
mode:ac60b44538da	LEADS_TO	effect:478f2b54ee68
cause:27fec9ec3e9b	CAUSES	mode:ac60b44538da
cause:27fec9ec3e9b	CAUSES_EFFECT	effect:478f2b54ee68
element:8cb953f89975	HAS_FUNCTION	function:5108dd7457bb
function:5108dd7457bb	HAS_MODE	mode:ab91b0423c06
mode:ab91b0423c06	LEADS_TO	effect:56da1e780cf8
cause:31933a574437	CAUSES	mode:ab91b0423c06
cause:31933a574437	CAUSES_EFFECT	effect:56da1e780cf8
mode:d83b4ce4de05	LEADS_TO	effect:a17231281cbe
function:97e7c9a7d06e	HAS_MODE	mode:7ec1f003bb53
mode:7ec1f003bb53	LEADS_TO	effect:a15bb8cd4718
cause:34730cc067ec	CAUSES	mode:7ec1f003bb53
cause:34730cc067ec	CAUSES_EFFECT	effect:a15bb8cd4718
cause:d8853997bae5	CAUSES	mode:7ec1f003bb53
cause:d8853997bae5	CAUSES_EFFECT	effect:a15bb8cd4718
mode:27d521608972	LEADS_TO	effect:5c0af1530412
mode:27d521608972	LEADS_TO	group:effect_group_0087
cause:ab084166d7ed	CAUSES	mode:27d521608972
cause:ab084166d7ed	CAUSES_EFFECT	effect:5c0af1530412
cause:ab084166d7ed	CAUSES_EFFECT	group:effect_group_0087
effect:f62f7178eb21	BELONGS_TO	group:effect_group_0087
mode:3752cec032e6	BELONGS_TO	group:mode_group_0118
cause:5f5df695ecb3	CAUSES	group:mode_group_0118
cause:5f5df695ecb3	CAUSES_EFFECT	group:effect_regroup_0015
effect:2472bb97b899	BELONGS_TO	group:effect_regroup_0015
mode:846cf6596a8a	LEADS_TO	effect:7f2d88be267e
mode:846cf6596a8a	LEADS_TO	group:effect_regroup_0002
cause:3db7c51e364a	CAUSES	mode:846cf6596a8a
cause:3db7c51e364a	CAUSES_EFFECT	group:effect_regroup_0002
effect:346238130753	BELONGS_TO	group:effect_regroup_0002
mode:002070014e7d	BELONGS_TO	group:mode_group_0039
cause:b1c66fa70a22	BELONGS_TO	group:cause_group_0135
cause:d94a4ca3e6fa	CAUSES	mode:846cf6596a8a
cause:d94a4ca3e6fa	CAUSES	mode:9ed6b6d46661
cause:d94a4ca3e6fa	CAUSES	group:mode_group_0039
cause:d94a4ca3e6fa	CAUSES_EFFECT	group:effect_regroup_0002
mode:a9c74afa03c1	LEADS_TO	group:effect_regroup_0015
cause:4816e502e427	CAUSES	mode:a9c74afa03c1
cause:4816e502e427	CAUSES_EFFECT	group:effect_regroup_0015
effect:7f7d9b99d00f	BELONGS_TO	group:effect_regroup_0015
mode:95753d85f4c9	LEADS_TO	effect:87c74ff895e0
cause:922940c89b43	BELONGS_TO	group:cause_group_0138
cause:811a7735aea2	CAUSES	mode:95753d85f4c9
cause:811a7735aea2	CAUSES_EFFECT	effect:87c74ff895e0
mode:8a5b437056aa	BELONGS_TO	group:mode_group_0039
cause:acf0ccc86143	CAUSES	group:mode_group_0039
cause:acf0ccc86143	CAUSES_EFFECT	effect:05495559660c
cause:5bfffd669273	CAUSES	mode:27d521608972
cause:5bfffd669273	CAUSES_EFFECT	effect:5c0af1530412
cause:282d775fa8e1	CAUSES	mode:27d521608972
cause:282d775fa8e1	CAUSES_EFFECT	effect:5c0af1530412
cause:ab17124c9d55	CAUSES	mode:27d521608972
cause:ab17124c9d55	CAUSES_EFFECT	effect:5c0af1530412
mode:2ac6991a86ed	LEADS_TO	group:effect_regroup_0016
cause:be6032fde6d7	CAUSES	mode:2ac6991a86ed
cause:be6032fde6d7	CAUSES_EFFECT	group:effect_regroup_0016
effect:d54e935f6665	BELONGS_TO	group:effect_regroup_0016
mode:7e419027b220	BELONGS_TO	group:mode_group_0039
cause:51a56af8039a	CAUSES	group:mode_group_0039
cause:51a56af8039a	CAUSES_EFFECT	effect:05495559660c
cause:ea56311a83a2	CAUSES	mode:2ac6991a86ed
cause:ea56311a83a2	CAUSES_EFFECT	group:effect_regroup_0016
cause:e8c54c61a9b5	CAUSES	mode:95753d85f4c9
cause:e8c54c61a9b5	CAUSES_EFFECT	effect:87c74ff895e0
cause:4b52822357a9	BELONGS_TO	group:cause_group_0148
cause:4d70921065c0	CAUSES	mode:846cf6596a8a
cause:4d70921065c0	CAUSES_EFFECT	group:effect_regroup_0002
cause:002070014e7d	BELONGS_TO	group:cause_group_0043
mode:83c34da7e349	LEADS_TO	group:effect_group_0091
mode:83c34da7e349	LEADS_TO	group:effect_group_0142
mode:83c34da7e349	LEADS_TO	group:effect_regroup_0002
mode:83c34da7e349	LEADS_TO	group:effect_regroup_0016
mode:83c34da7e349	LEADS_TO	group:effect_regroup_0021
cause:b46fbe1cb8ec	CAUSES	mode:83c34da7e349
cause:b46fbe1cb8ec	CAUSES_EFFECT	group:effect_group_0091
effect:f01c299182bb	BELONGS_TO	group:effect_group_0091
mode:314e715e7dbf	LEADS_TO	group:effect_regroup_0017
cause:83fa80c46bb6	CAUSES	mode:314e715e7dbf
cause:83fa80c46bb6	CAUSES_EFFECT	group:effect_regroup_0017
effect:41d2356e772e	BELONGS_TO	group:effect_regroup_0017
cause:e710492dd991	CAUSES	mode:314e715e7dbf
cause:e710492dd991	CAUSES	mode:d2682814ca28
cause:e710492dd991	CAUSES_EFFECT	group:effect_group_0091
cause:e710492dd991	CAUSES_EFFECT	group:effect_regroup_0017
mode:d2682814ca28	LEADS_TO	group:effect_group_0091
effect:78d5746de5d9	BELONGS_TO	group:effect_group_0091
mode:9e95b60ccd41	LEADS_TO	effect:9f4efd99216f
cause:df81498afd81	CAUSES	mode:9e95b60ccd41
cause:df81498afd81	CAUSES_EFFECT	effect:9f4efd99216f
cause:45ce9b7436bc	CAUSES	mode:314e715e7dbf
cause:45ce9b7436bc	CAUSES_EFFECT	group:effect_regroup_0017
mode:a3cb8bf25460	LEADS_TO	effect:aa39eda5ee09
cause:4297d4ece2d2	CAUSES	mode:a3cb8bf25460
cause:4297d4ece2d2	CAUSES_EFFECT	effect:aa39eda5ee09
cause:efb05cf348d4	CAUSES	mode:2ac6991a86ed
cause:efb05cf348d4	CAUSES_EFFECT	group:effect_regroup_0016
cause:9000e961ffbf	CAUSES	group:mode_group_0039
cause:9000e961ffbf	CAUSES_EFFECT	group:effect_regroup_0002
mode:f738a9e1de69	LEADS_TO	group:effect_regroup_0002
cause:f24e613906f6	BELONGS_TO	group:cause_group_0179
cause:e1accbfb5d63	BELONGS_TO	group:cause_group_0135
mode:f82a900125f3	LEADS_TO	group:effect_regroup_0002
cause:53db156dc27e	BELONGS_TO	group:cause_group_0180
mode:f32ff9843671	LEADS_TO	group:effect_regroup_0018
cause:7653f176760d	CAUSES	mode:f32ff9843671
cause:7653f176760d	CAUSES_EFFECT	group:effect_regroup_0018
effect:26f8476536b5	BELONGS_TO	group:effect_regroup_0018
mode:54a0ab7b44fa	BELONGS_TO	group:mode_regroup_0003
cause:245fe33900fb	CAUSES	group:mode_regroup_0003
cause:245fe33900fb	CAUSES_EFFECT	group:effect_group_0032
effect:ecb97adb8934	BELONGS_TO	group:effect_group_0032
mode:b6328b12a726	LEADS_TO	group:effect_regroup_0002
cause:0f704a88009b	CAUSES	mode:b6328b12a726
cause:0f704a88009b	CAUSES_EFFECT	group:effect_regroup_0002
cause:a310b589b98b	CAUSES	mode:846cf6596a8a
cause:a310b589b98b	CAUSES_EFFECT	group:effect_regroup_0002
mode:48dbc9386b3a	BELONGS_TO	group:mode_group_0149
cause:41f8aaee27bb	CAUSES	group:mode_group_0149
cause:41f8aaee27bb	CAUSES_EFFECT	group:effect_regroup_0020
effect:66e933a13032	BELONGS_TO	group:effect_regroup_0020
mode:746e86471763	LEADS_TO	group:effect_regroup_0016
cause:e904378f5f98	CAUSES	mode:746e86471763
cause:e904378f5f98	CAUSES_EFFECT	group:effect_regroup_0016
effect:5a693b9c1859	BELONGS_TO	group:effect_regroup_0016
mode:cdcce071bd30	LEADS_TO	group:effect_group_0091
cause:410c78e28d1b	CAUSES	mode:cdcce071bd30
cause:410c78e28d1b	CAUSES_EFFECT	group:effect_group_0091
effect:d4db10ee3c22	BELONGS_TO	group:effect_group_0091
mode:2f2beffb889b	LEADS_TO	group:effect_regroup_0020
cause:8b2a222cbaaa	CAUSES	mode:2f2beffb889b
cause:8b2a222cbaaa	CAUSES_EFFECT	group:effect_regroup_0020
mode:281ee54993a7	LEADS_TO	effect:d6e81215bb7e
cause:9f69ec96d3b0	CAUSES	mode:281ee54993a7
cause:9f69ec96d3b0	CAUSES_EFFECT	effect:d6e81215bb7e
mode:0255929bc64f	BELONGS_TO	group:mode_group_0093
cause:4155d5966703	BELONGS_TO	group:cause_group_0030
effect:0feb8f85b8cb	BELONGS_TO	group:effect_regroup_0002
cause:45b55882987f	CAUSES	mode:846cf6596a8a
cause:45b55882987f	CAUSES_EFFECT	effect:7f2d88be267e
mode:44978b0addbf	LEADS_TO	group:effect_group_0091
cause:8b9a4bd16a16	CAUSES	mode:44978b0addbf
cause:8b9a4bd16a16	CAUSES_EFFECT	group:effect_group_0091
effect:1d92caa1b610	BELONGS_TO	group:effect_group_0091
mode:17e35070b9d3	LEADS_TO	effect:1d57debed45a
cause:f9211c5b842d	CAUSES	mode:17e35070b9d3
cause:f9211c5b842d	CAUSES_EFFECT	effect:1d57debed45a
mode:58829c8a9771	BELONGS_TO	group:mode_group_0093
cause:5a7f7c47a36d	CAUSES	group:mode_group_0093
cause:5a7f7c47a36d	CAUSES_EFFECT	group:effect_regroup_0020
cause:8dcb201d4108	BELONGS_TO	group:cause_group_0054
mode:f2dd3eff8175	LEADS_TO	group:effect_group_0091
cause:7291eca26182	CAUSES	mode:f2dd3eff8175
cause:7291eca26182	CAUSES_EFFECT	group:effect_group_0091
mode:273d7896243a	LEADS_TO	effect:960eb853d5cc
mode:273d7896243a	LEADS_TO	group:effect_regroup_0002
cause:451e472e0279	CAUSES	mode:273d7896243a
cause:451e472e0279	CAUSES_EFFECT	effect:960eb853d5cc
cause:0a6950c2af1c	CAUSES	mode:2f2beffb889b
cause:0a6950c2af1c	CAUSES_EFFECT	group:effect_regroup_0020
cause:bed8eab4a281	BELONGS_TO	group:cause_group_0179
cause:5601d02abf67	BELONGS_TO	group:cause_group_0180
cause:9927c7840525	BELONGS_TO	group:cause_group_0190
cause:201a624915da	CAUSES	mode:83c34da7e349
cause:201a624915da	CAUSES_EFFECT	group:effect_group_0091
cause:7eff8a674751	BELONGS_TO	group:cause_group_0190
cause:46f273bac6b0	BELONGS_TO	group:cause_group_0190
mode:c777d39b1d2c	LEADS_TO	effect:bc3af1deda29
cause:c56856f79155	CAUSES	mode:c777d39b1d2c
cause:c56856f79155	CAUSES_EFFECT	effect:bc3af1deda29
mode:df5c0e971993	BELONGS_TO	group:mode_group_0015
cause:d2733178a035	BELONGS_TO	group:cause_group_0158
mode:07de4e19593a	LEADS_TO	group:effect_group_0032
cause:f03d06f9906f	BELONGS_TO	group:cause_regroup_0006
mode:84c91682bebb	LEADS_TO	group:effect_group_0032
cause:64a85e1f2f1d	CAUSES	mode:84c91682bebb
cause:64a85e1f2f1d	CAUSES_EFFECT	group:effect_group_0032
effect:973dbc47d802	BELONGS_TO	group:effect_group_0032
mode:511a0d70309c	LEADS_TO	group:effect_regroup_0021
cause:e30df647048b	BELONGS_TO	group:cause_group_0059
effect:843d1997a99a	BELONGS_TO	group:effect_regroup_0021
mode:9ed6b6d46661	LEADS_TO	group:effect_regroup_0002
cause:47dde92f3710	CAUSES	mode:846cf6596a8a
cause:47dde92f3710	CAUSES_EFFECT	group:effect_regroup_0002
cause:cc441546156c	BELONGS_TO	group:cause_regroup_0014
effect:eb50f8730803	BELONGS_TO	group:effect_regroup_0022
cause:9588c5c754dd	BELONGS_TO	group:cause_regroup_0014
cause:d81a08dcedbc	CAUSES	mode:846cf6596a8a
cause:d81a08dcedbc	CAUSES_EFFECT	group:effect_regroup_0002
cause:ac5918a3307c	CAUSES	mode:846cf6596a8a
cause:ac5918a3307c	CAUSES_EFFECT	group:effect_regroup_0002
cause:a0796c30bb37	CAUSES	mode:846cf6596a8a
cause:a0796c30bb37	CAUSES_EFFECT	group:effect_regroup_0002
cause:e945d44fd43a	CAUSES	mode:273d7896243a
cause:e945d44fd43a	CAUSES_EFFECT	group:effect_regroup_0002
effect:6c5adf9bbed3	BELONGS_TO	group:effect_regroup_0002
cause:545208bcff78	CAUSES	mode:273d7896243a
cause:545208bcff78	CAUSES_EFFECT	group:effect_regroup_0002
mode:29cd4135b142	LEADS_TO	group:effect_regroup_0022
cause:133dbbcffb6b	CAUSES	mode:29cd4135b142
cause:133dbbcffb6b	CAUSES_EFFECT	group:effect_regroup_0022
effect:d94a1e5b5d92	BELONGS_TO	group:effect_regroup_0022
mode:1524c49ced6b	LEADS_TO	group:effect_group_0091
mode:1524c49ced6b	LEADS_TO	group:effect_regroup_0002
cause:ac49efb47193	CAUSES	mode:1524c49ced6b
cause:ac49efb47193	CAUSES_EFFECT	group:effect_regroup_0002
mode:8e8aa1bf04aa	LEADS_TO	group:effect_regroup_0002
cause:018bc7655c4f	CAUSES	mode:8e8aa1bf04aa
cause:018bc7655c4f	CAUSES_EFFECT	group:effect_regroup_0002
mode:21ddd20753da	BELONGS_TO	group:mode_regroup_0019
cause:1fef18d3c445	CAUSES	group:mode_regroup_0019
cause:1fef18d3c445	CAUSES_EFFECT	group:effect_regroup_0001
effect:911d1887c903	BELONGS_TO	group:effect_regroup_0001
mode:7183c0abe28c	LEADS_TO	effect:30cb1a052eca
cause:9eddf4f9bd01	CAUSES	mode:7183c0abe28c
cause:9eddf4f9bd01	CAUSES_EFFECT	effect:30cb1a052eca
cause:e71a1b24bd02	CAUSES	mode:1524c49ced6b
cause:e71a1b24bd02	CAUSES_EFFECT	group:effect_group_0091
mode:cfc7a5462564	BELONGS_TO	group:mode_group_0167
cause:de830275a8bd	BELONGS_TO	group:cause_group_0010
mode:c072e4b13af8	BELONGS_TO	group:mode_group_0168
effect:1e156f06ff25	BELONGS_TO	group:effect_regroup_0024
mode:b9985601e7ea	BELONGS_TO	group:mode_group_0168
effect:6b1416c6a65a	BELONGS_TO	group:effect_regroup_0024
mode:509751f63b73	BELONGS_TO	group:mode_group_0168
mode:b3a10d444b71	BELONGS_TO	group:mode_group_0168
mode:6c8e7ba5b0ff	BELONGS_TO	group:mode_group_0167
effect:a332c721d1a9	BELONGS_TO	group:effect_group_0103
mode:54be16bbc212	BELONGS_TO	group:mode_group_0167
cause:335dc73856c2	BELONGS_TO	group:cause_group_0010
effect:0be336fac24a	BELONGS_TO	group:effect_group_0103
mode:8fddbf4b5bd2	BELONGS_TO	group:mode_group_0169
mode:f9aaf168ec88	BELONGS_TO	group:mode_group_0169
mode:be5ec8bd292a	BELONGS_TO	group:mode_group_0169
mode:6252a94d8aaf	LEADS_TO	effect:756125db9ca8
cause:934729d35987	CAUSES	mode:6252a94d8aaf
cause:934729d35987	CAUSES_EFFECT	effect:756125db9ca8
element:9727479252e2	HAS_FUNCTION	function:d42cfc14f233
function:d42cfc14f233	HAS_MODE	mode:8b1e264b11f3
mode:8b1e264b11f3	LEADS_TO	effect:8e698694109a
cause:9ac91fa9ad01	CAUSES	mode:8b1e264b11f3
cause:9ac91fa9ad01	CAUSES_EFFECT	effect:8e698694109a
element:ad63a35ea2ac	HAS_FUNCTION	function:5b4273cc6efa
function:5b4273cc6efa	HAS_MODE	mode:d8cd720c3ff3
mode:d8cd720c3ff3	LEADS_TO	effect:bb254c908c9d
cause:e079f793191e	CAUSES	mode:d8cd720c3ff3
cause:e079f793191e	CAUSES_EFFECT	effect:bb254c908c9d
element:0bda86a7c3cc	HAS_FUNCTION	function:2c2ffb24e664
function:2c2ffb24e664	HAS_MODE	mode:a8c91a0c4ed7
function:2c2ffb24e664	HAS_MODE	mode:2780baa782c8
mode:a8c91a0c4ed7	LEADS_TO	effect:fc02272ff27f
cause:e57ba66f422c	CAUSES	mode:a8c91a0c4ed7
cause:e57ba66f422c	CAUSES_EFFECT	effect:fc02272ff27f
cause:6f93d81aa5e0	CAUSES	mode:a8c91a0c4ed7
cause:6f93d81aa5e0	CAUSES_EFFECT	effect:fc02272ff27f
cause:437dd701fbb0	BELONGS_TO	group:cause_group_0218
cause:369db8da2744	CAUSES	mode:a8c91a0c4ed7
cause:369db8da2744	CAUSES	mode:2780baa782c8
cause:369db8da2744	CAUSES_EFFECT	effect:fc02272ff27f
mode:2780baa782c8	LEADS_TO	effect:fc02272ff27f
cause:d96b268c0b2c	CAUSES	mode:2780baa782c8
cause:d96b268c0b2c	CAUSES_EFFECT	effect:fc02272ff27f
element:8e94929d796b	HAS_FUNCTION	function:c0c14b6e2592
function:c0c14b6e2592	HAS_MODE	group:mode_group_0174
mode:aa49532a0fb0	BELONGS_TO	group:mode_group_0174
cause:e3337c9d7f87	CAUSES	group:mode_group_0174
cause:e3337c9d7f87	CAUSES_EFFECT	effect:06a0581c5c3e
mode:c476512d03e6	BELONGS_TO	group:mode_group_0174
element:172f545ce86a	HAS_FUNCTION	function:d8078d96b141
element:172f545ce86a	HAS_FUNCTION	function:4604f841b0b1
function:d8078d96b141	HAS_MODE	mode:2c3eff4d1390
mode:2c3eff4d1390	LEADS_TO	effect:0bb201b41e23
cause:6eb25b8c0a9e	CAUSES	mode:2c3eff4d1390
cause:6eb25b8c0a9e	CAUSES	mode:d17cc8492e56
cause:6eb25b8c0a9e	CAUSES_EFFECT	effect:0bb201b41e23
cause:6eb25b8c0a9e	CAUSES_EFFECT	effect:ee4d619bc777
function:4604f841b0b1	HAS_MODE	mode:d17cc8492e56
mode:d17cc8492e56	LEADS_TO	effect:ee4d619bc777
element:4a182120e039	HAS_FUNCTION	function:80728b3fe771
function:80728b3fe771	HAS_MODE	mode:8555e3935937
mode:8555e3935937	LEADS_TO	effect:2413519162d9
cause:86b72ebccfc3	CAUSES	mode:8555e3935937
cause:86b72ebccfc3	CAUSES_EFFECT	effect:2413519162d9
cause:d3bded52ffe9	CAUSES	mode:8555e3935937
cause:d3bded52ffe9	CAUSES_EFFECT	effect:2413519162d9
mode:3d21e9c32f85	LEADS_TO	effect:69344d418980
cause:a4bae53829bb	BELONGS_TO	group:cause_regroup_0005
mode:f0f5863822d8	LEADS_TO	effect:0e775968593f
cause:c1f27c562cb6	CAUSES	mode:f0f5863822d8
cause:c1f27c562cb6	CAUSES_EFFECT	effect:0e775968593f
mode:e9e132dd05de	LEADS_TO	effect:9f6c59a53389
cause:5dc7fce9fc5c	CAUSES	mode:e9e132dd05de
cause:5dc7fce9fc5c	CAUSES_EFFECT	effect:9f6c59a53389
cause:9443cd87e7b7	CAUSES	mode:e9e132dd05de
cause:9443cd87e7b7	CAUSES_EFFECT	effect:9f6c59a53389
mode:c125c2210bb8	LEADS_TO	effect:2bf80357ba39
cause:5d890f1eefee	CAUSES	mode:c125c2210bb8
cause:5d890f1eefee	CAUSES	mode:512346c248eb
cause:5d890f1eefee	CAUSES_EFFECT	effect:2bf80357ba39
mode:512346c248eb	LEADS_TO	effect:2bf80357ba39
mode:42651fda68b6	LEADS_TO	effect:3fe6913ba8a1
cause:b13762d19a95	CAUSES	mode:42651fda68b6
cause:b13762d19a95	CAUSES_EFFECT	effect:3fe6913ba8a1
mode:3c94416dc6d2	BELONGS_TO	group:mode_group_0118
cause:61669e4d2d3a	CAUSES	group:mode_group_0118
cause:61669e4d2d3a	CAUSES_EFFECT	effect:63fe0049a6bd
mode:2c341fa43a61	BELONGS_TO	group:mode_group_0183
cause:3308de181574	CAUSES	group:mode_group_0183
cause:3308de181574	CAUSES_EFFECT	effect:901cf7615ba3
mode:6223480ce141	BELONGS_TO	group:mode_group_0183
cause:9c6ecfe972a9	CAUSES	group:mode_group_0183
cause:9c6ecfe972a9	CAUSES_EFFECT	effect:901cf7615ba3
mode:9d45eea9e6cb	LEADS_TO	effect:f435b22c57f2
cause:9dc9bacba9ed	CAUSES	mode:9d45eea9e6cb
cause:9dc9bacba9ed	CAUSES_EFFECT	effect:f435b22c57f2
element:458a0d588bfc	HAS_FUNCTION	function:24dc76f4d1fc
element:458a0d588bfc	HAS_FUNCTION	function:a50e5696e928
element:458a0d588bfc	HAS_FUNCTION	function:2686af6df93b
function:24dc76f4d1fc	HAS_MODE	mode:0129d9d06ad4
function:24dc76f4d1fc	HAS_MODE	mode:8bff04270d10
function:24dc76f4d1fc	HAS_MODE	group:mode_group_0185
mode:3eb684cc0306	BELONGS_TO	group:mode_group_0185
cause:b78defb2de87	CAUSES	group:mode_group_0185
cause:b78defb2de87	CAUSES_EFFECT	effect:0bc16dc9d7df
cause:b78defb2de87	CAUSES_EFFECT	effect:eb47801dafbc
cause:b78defb2de87	CAUSES_EFFECT	effect:d536cafe7a44
mode:0129d9d06ad4	LEADS_TO	effect:0bc16dc9d7df
mode:0129d9d06ad4	LEADS_TO	effect:cbe7dfa6ac90
mode:0129d9d06ad4	LEADS_TO	effect:a06701826a15
cause:5fd5e6ea8f43	CAUSES	mode:0129d9d06ad4
cause:5fd5e6ea8f43	CAUSES	group:mode_group_0185
cause:5fd5e6ea8f43	CAUSES	group:mode_group_0188
cause:5fd5e6ea8f43	CAUSES_EFFECT	effect:0bc16dc9d7df
cause:5fd5e6ea8f43	CAUSES_EFFECT	effect:cbe7dfa6ac90
cause:5fd5e6ea8f43	CAUSES_EFFECT	effect:a06701826a15
cause:5fd5e6ea8f43	CAUSES_EFFECT	effect:d6bb97a90c7b
cause:5fd5e6ea8f43	CAUSES_EFFECT	effect:40edb0b66dd5
function:a50e5696e928	HAS_MODE	mode:54d334d6306a
function:a50e5696e928	HAS_MODE	group:mode_group_0185
function:a50e5696e928	HAS_MODE	group:mode_group_0188
mode:54d334d6306a	LEADS_TO	effect:d6bb97a90c7b
cause:39998df8bb30	CAUSES	mode:54d334d6306a
cause:39998df8bb30	CAUSES	group:mode_group_0188
cause:39998df8bb30	CAUSES_EFFECT	effect:d6bb97a90c7b
cause:39998df8bb30	CAUSES_EFFECT	effect:eb47801dafbc
mode:4fc3dda98d62	BELONGS_TO	group:mode_group_0188
element:a5d8b915ec76	HAS_FUNCTION	function:24dc76f4d1fc
element:a5d8b915ec76	HAS_FUNCTION	function:a50e5696e928
element:a5d8b915ec76	HAS_FUNCTION	function:3ba4ed3b6f32
mode:8bff04270d10	LEADS_TO	effect:a06701826a15
cause:9cacbf86a837	CAUSES	mode:8bff04270d10
cause:9cacbf86a837	CAUSES_EFFECT	effect:a06701826a15
mode:e8e15cc2cb06	BELONGS_TO	group:mode_group_0185
function:3ba4ed3b6f32	HAS_MODE	group:mode_group_0188
mode:bf7ebbfbd3be	LEADS_TO	group:effect_group_0003
cause:33062434e643	CAUSES	mode:bf7ebbfbd3be
cause:33062434e643	CAUSES_EFFECT	group:effect_group_0003
cause:02296868be0f	CAUSES	mode:bf7ebbfbd3be
cause:02296868be0f	CAUSES_EFFECT	group:effect_group_0003
cause:b1be7d0f2dda	CAUSES	mode:bf7ebbfbd3be
cause:b1be7d0f2dda	CAUSES_EFFECT	group:effect_group_0003
mode:944719267e68	LEADS_TO	group:effect_group_0003
cause:ff9abd961188	CAUSES	mode:944719267e68
cause:ff9abd961188	CAUSES_EFFECT	group:effect_group_0003
mode:9769cb40d5cf	BELONGS_TO	group:mode_group_0192
cause:2e6a66fac09a	CAUSES	group:mode_group_0192
cause:2e6a66fac09a	CAUSES_EFFECT	group:effect_group_0003
mode:f16cff5ecf9f	BELONGS_TO	group:mode_group_0192
cause:77345cf1701c	CAUSES	group:mode_group_0192
cause:77345cf1701c	CAUSES_EFFECT	group:effect_group_0032
mode:d4be5e9eef29	LEADS_TO	group:effect_group_0003
cause:585c27531fc4	CAUSES	mode:d4be5e9eef29
cause:585c27531fc4	CAUSES_EFFECT	group:effect_group_0003
mode:a0960907b02b	BELONGS_TO	group:mode_group_0194
cause:cfad026de2fb	BELONGS_TO	group:cause_group_0245
cause:c6f4c161b7c1	BELONGS_TO	group:cause_group_0245
mode:d5c2f1885a20	BELONGS_TO	group:mode_group_0194
cause:e5852127e61f	CAUSES	group:mode_group_0194
cause:e5852127e61f	CAUSES_EFFECT	group:effect_group_0032
mode:d0d17243fe92	BELONGS_TO	group:mode_group_0194
cause:d8c006753e51	CAUSES	group:mode_group_0194
cause:d8c006753e51	CAUSES_EFFECT	group:effect_group_0032
mode:0e983ff3e69f	LEADS_TO	effect:eca13056359f
cause:d81df39dbf05	CAUSES	mode:0e983ff3e69f
cause:d81df39dbf05	CAUSES_EFFECT	effect:eca13056359f
mode:d6494a23fcab	LEADS_TO	effect:eca13056359f
cause:8d76ac713ecb	BELONGS_TO	group:cause_group_0043
mode:688cfea1958f	BELONGS_TO	group:mode_group_0048
cause:248891cccdee	CAUSES	group:mode_group_0048
cause:248891cccdee	CAUSES_EFFECT	effect:eca13056359f
mode:4787fc6d2b02	BELONGS_TO	group:mode_group_0049
cause:a93a627952f9	BELONGS_TO	group:cause_regroup_0015
cause:6553488ea0d9	BELONGS_TO	group:cause_regroup_0003
mode:a6aa35748c75	BELONGS_TO	group:mode_group_0049
cause:daff00813234	BELONGS_TO	group:cause_regroup_0015
mode:1e1bdf72c31e	LEADS_TO	effect:eca13056359f
cause:66ae7c7113c9	CAUSES	mode:1e1bdf72c31e
cause:66ae7c7113c9	CAUSES	mode:42ee22a26da8
cause:66ae7c7113c9	CAUSES_EFFECT	effect:eca13056359f
cause:f07425549da9	CAUSES	mode:1e1bdf72c31e
cause:f07425549da9	CAUSES	mode:42ee22a26da8
cause:f07425549da9	CAUSES	mode:fe37a11b1cb1
cause:f07425549da9	CAUSES_EFFECT	effect:eca13056359f
cause:f07425549da9	CAUSES_EFFECT	effect:42c94cc4ff75
mode:21b6fae8fa4a	BELONGS_TO	group:mode_group_0051
cause:936e2fa10b34	CAUSES	group:mode_group_0051
cause:936e2fa10b34	CAUSES_EFFECT	group:effect_group_0003
mode:69ccaec4e476	LEADS_TO	effect:61373bef8d18
mode:69ccaec4e476	LEADS_TO	effect:a69da2047dcb
cause:abcb24ece17d	BELONGS_TO	group:cause_group_0062
cause:add8402936f8	BELONGS_TO	group:cause_group_0062
cause:cb9ccedbbc75	CAUSES	mode:69ccaec4e476
cause:cb9ccedbbc75	CAUSES_EFFECT	effect:61373bef8d18
cause:cb9ccedbbc75	CAUSES_EFFECT	effect:a69da2047dcb
mode:b2a14c6a1b92	LEADS_TO	effect:71cc72d03c20
cause:992dbab41da4	CAUSES	mode:b2a14c6a1b92
cause:992dbab41da4	CAUSES_EFFECT	effect:71cc72d03c20
cause:0ed3349c3593	CAUSES	mode:b2a14c6a1b92
cause:0ed3349c3593	CAUSES_EFFECT	effect:71cc72d03c20
cause:065cd2053a77	CAUSES	mode:b2a14c6a1b92
cause:065cd2053a77	CAUSES_EFFECT	effect:71cc72d03c20
mode:42ee22a26da8	LEADS_TO	effect:eca13056359f
cause:dd2c97297088	BELONGS_TO	group:cause_regroup_0004
mode:cac305d864aa	BELONGS_TO	group:mode_group_0200
cause:fe0d4adcad42	CAUSES	group:mode_group_0200
cause:fe0d4adcad42	CAUSES_EFFECT	group:effect_group_0032
mode:8edd7857c222	BELONGS_TO	group:mode_regroup_0021
cause:dc387353b188	CAUSES	group:mode_regroup_0021
cause:dc387353b188	CAUSES_EFFECT	effect:34bd7a1b82ea
cause:1f1b453941fa	CAUSES	group:mode_regroup_0021
cause:1f1b453941fa	CAUSES_EFFECT	effect:34bd7a1b82ea
cause:b75a636b4fea	CAUSES	mode:2c26b1d33752
cause:b75a636b4fea	CAUSES_EFFECT	group:effect_group_0034
effect:a54b0fe3d7cc	BELONGS_TO	group:effect_group_0034
cause:21afbc0546ad	CAUSES	mode:2c26b1d33752
cause:21afbc0546ad	CAUSES_EFFECT	group:effect_group_0034
mode:2c6c83015220	BELONGS_TO	group:mode_group_0202
cause:e204898295a0	CAUSES	group:mode_group_0202
cause:e204898295a0	CAUSES_EFFECT	effect:83692d19a264
mode:cc392d31e071	BELONGS_TO	group:mode_group_0202
mode:af9ecd7a55ab	LEADS_TO	effect:c62590cd3ae0
cause:b9380e028421	CAUSES	mode:af9ecd7a55ab
cause:b9380e028421	CAUSES_EFFECT	effect:c62590cd3ae0
mode:fe37a11b1cb1	LEADS_TO	effect:42c94cc4ff75
mode:ef4e16b4ee01	LEADS_TO	effect:0ecd120e11d7
cause:53375eea658b	CAUSES	mode:ef4e16b4ee01
cause:53375eea658b	CAUSES_EFFECT	effect:0ecd120e11d7
mode:8c39d76569dc	LEADS_TO	effect:283b4819706f
mode:8c39d76569dc	LEADS_TO	group:effect_group_0087
cause:bcecd383a146	CAUSES	mode:8c39d76569dc
cause:bcecd383a146	CAUSES	mode:d50533c3d99e
cause:bcecd383a146	CAUSES_EFFECT	effect:283b4819706f
cause:bcecd383a146	CAUSES_EFFECT	group:effect_group_0087
effect:ea43554db733	BELONGS_TO	group:effect_group_0087
mode:d50533c3d99e	LEADS_TO	effect:283b4819706f
mode:d50533c3d99e	LEADS_TO	effect:912c6c6a71ff
mode:46f7623ed714	BELONGS_TO	group:mode_regroup_0019
cause:db1fa8f26925	CAUSES	group:mode_regroup_0019
cause:db1fa8f26925	CAUSES_EFFECT	effect:37dea9eff5c7
mode:36cce192de71	LEADS_TO	effect:1edeb9cf1cdc
cause:67dfb9f2bd74	BELONGS_TO	group:cause_group_0266
cause:a7c9dc0b1246	BELONGS_TO	group:cause_group_0059
effect:8eb26f44cc6b	BELONGS_TO	group:effect_regroup_0021
effect:5ed03ad42809	BELONGS_TO	group:effect_group_0142
effect:6b51931daca0	BELONGS_TO	group:effect_regroup_0016
mode:445904e8a03c	LEADS_TO	group:effect_regroup_0002
mode:445904e8a03c	LEADS_TO	group:effect_regroup_0021
cause:d14f34c9a1f9	CAUSES	mode:445904e8a03c
cause:d14f34c9a1f9	CAUSES_EFFECT	group:effect_regroup_0021
cause:ad2359de025e	CAUSES	mode:445904e8a03c
cause:ad2359de025e	CAUSES_EFFECT	group:effect_regroup_0002
cause:83f497466815	BELONGS_TO	group:cause_group_0059
cause:44bd7fdff224	BELONGS_TO	group:cause_group_0054
mode:a96b33ea2ba2	LEADS_TO	effect:e717560821a9
mode:a96b33ea2ba2	LEADS_TO	group:effect_group_0142
cause:df806c1d6b88	CAUSES	mode:a96b33ea2ba2
cause:df806c1d6b88	CAUSES	mode:4a1ef5e43463
cause:df806c1d6b88	CAUSES_EFFECT	effect:37dea9eff5c7
cause:df806c1d6b88	CAUSES_EFFECT	group:effect_group_0142
cause:7d06d0ca0392	CAUSES	mode:a96b33ea2ba2
cause:7d06d0ca0392	CAUSES_EFFECT	effect:e717560821a9
mode:994d58c128d8	LEADS_TO	effect:78a02677c585
cause:3cfda5c4309d	CAUSES	mode:994d58c128d8
cause:3cfda5c4309d	CAUSES_EFFECT	effect:78a02677c585
mode:4b1df8bdb7c8	LEADS_TO	effect:b523d20bbebb
mode:4b1df8bdb7c8	LEADS_TO	group:effect_group_0087
cause:59df5baa29a8	CAUSES	mode:4b1df8bdb7c8
cause:59df5baa29a8	CAUSES_EFFECT	effect:b523d20bbebb
cause:a1f03b1362ae	CAUSES	mode:4b1df8bdb7c8
cause:a1f03b1362ae	CAUSES_EFFECT	group:effect_group_0087
mode:20785632fb24	LEADS_TO	group:effect_group_0142
cause:b11ce7d0a417	CAUSES	mode:20785632fb24
cause:b11ce7d0a417	CAUSES_EFFECT	group:effect_group_0142
effect:2b9f6a738aba	BELONGS_TO	group:effect_group_0142
mode:aa6ddc47a94e	LEADS_TO	effect:b3a1b98ea7e1
cause:a96b33ea2ba2	CAUSES	mode:aa6ddc47a94e
cause:a96b33ea2ba2	CAUSES_EFFECT	effect:b3a1b98ea7e1
cause:ca6fa813ad5a	BELONGS_TO	group:cause_group_0059
mode:5a0ae0e9787e	LEADS_TO	group:effect_group_0003
cause:f1fac75a99e2	CAUSES	mode:5a0ae0e9787e
cause:f1fac75a99e2	CAUSES_EFFECT	group:effect_group_0003
effect:282baf65fa2b	BELONGS_TO	group:effect_group_0003
mode:39265c89e00a	BELONGS_TO	group:mode_regroup_0023
cause:8ca3e3bf1931	BELONGS_TO	group:cause_regroup_0017
mode:895811469fe1	BELONGS_TO	group:mode_group_0101
cause:0e8cccf3b1bb	BELONGS_TO	group:cause_group_0278
effect:c60dc029636a	BELONGS_TO	group:effect_group_0003
mode:c7c90840e19a	BELONGS_TO	group:mode_regroup_0024
cause:0609eb6e5a69	BELONGS_TO	group:cause_group_0279
effect:b10bea28166b	BELONGS_TO	group:effect_regroup_0002
mode:dc880d309a70	BELONGS_TO	group:mode_group_0056
cause:b744b2d0520a	CAUSES	group:mode_group_0056
cause:b744b2d0520a	CAUSES_EFFECT	group:effect_group_0003
mode:3917f5f97193	LEADS_TO	effect:5b99460e3b43
cause:4c246cf015cf	CAUSES	mode:3917f5f97193
cause:4c246cf015cf	CAUSES_EFFECT	effect:5b99460e3b43
mode:a29ee4303cf6	BELONGS_TO	group:mode_group_0217
cause:ca179e48599a	CAUSES	group:mode_group_0217
cause:ca179e48599a	CAUSES_EFFECT	effect:0e344f895e52
mode:3ddeca121b42	LEADS_TO	effect:69344d418980
cause:9a10cc5a8e43	BELONGS_TO	group:cause_group_0054
cause:c5458f360672	CAUSES	mode:3ddeca121b42
cause:c5458f360672	CAUSES_EFFECT	effect:69344d418980
mode:f29bae383137	LEADS_TO	effect:79f308a33c0c
cause:cbee7155293d	CAUSES	mode:f29bae383137
cause:cbee7155293d	CAUSES_EFFECT	effect:79f308a33c0c
element:72bafdec0fc3	HAS_FUNCTION	function:824ee32982b0
element:72bafdec0fc3	HAS_FUNCTION	function:08b4ad57ece4
function:824ee32982b0	HAS_MODE	group:mode_group_0002
mode:db315317f5bd	BELONGS_TO	group:mode_group_0002
cause:b734f13d9b0d	CAUSES	mode:74edbe1b9015
cause:b734f13d9b0d	CAUSES	group:mode_group_0002
cause:b734f13d9b0d	CAUSES_EFFECT	effect:bf4d3c938549
cause:b734f13d9b0d	CAUSES_EFFECT	group:effect_group_0091
effect:49f965574280	BELONGS_TO	group:effect_group_0091
function:08b4ad57ece4	HAS_MODE	mode:74edbe1b9015
mode:74edbe1b9015	LEADS_TO	effect:bf4d3c938549
cause:f607d20cec55	CAUSES	mode:74edbe1b9015
cause:f607d20cec55	CAUSES_EFFECT	effect:bf4d3c938549
cause:5a03d58dc728	BELONGS_TO	group:cause_group_0266
cause:c46b9d2f3856	BELONGS_TO	group:cause_group_0059
mode:4a1ef5e43463	LEADS_TO	effect:37dea9eff5c7
mode:f0c8109da52d	LEADS_TO	effect:e717560821a9
cause:66fe8e077e58	CAUSES	mode:f0c8109da52d
cause:66fe8e077e58	CAUSES_EFFECT	effect:e717560821a9
effect:aae1bf416e13	BELONGS_TO	group:effect_regroup_0007
cause:b158a3ff4217	BELONGS_TO	group:cause_group_0278
effect:16eb1b2691da	BELONGS_TO	group:effect_regroup_0007
mode:bee8845d7684	BELONGS_TO	group:mode_regroup_0024
cause:0289b880f175	BELONGS_TO	group:cause_group_0279
mode:20b7413f56c7	BELONGS_TO	group:mode_group_0056
effect:9cbbee88f4eb	BELONGS_TO	group:effect_group_0150
mode:0ee08f564a17	LEADS_TO	group:effect_regroup_0002
cause:c4d3f032d610	CAUSES	mode:0ee08f564a17
cause:c4d3f032d610	CAUSES_EFFECT	group:effect_regroup_0002
mode:867c32ba5ee6	LEADS_TO	group:effect_group_0151
cause:aeae715459f9	BELONGS_TO	group:cause_regroup_0018
effect:dddcf5474a75	BELONGS_TO	group:effect_group_0151
mode:205719d2ac1d	BELONGS_TO	group:mode_group_0225
cause:f5c64053ceec	CAUSES	group:mode_group_0225
cause:f5c64053ceec	CAUSES_EFFECT	effect:6ff50d50d2de
mode:af8c04c5a407	BELONGS_TO	group:mode_group_0225
cause:56dd438f3ab0	CAUSES	group:mode_group_0225
cause:56dd438f3ab0	CAUSES_EFFECT	group:effect_regroup_0002
effect:420710cd5c2f	BELONGS_TO	group:effect_regroup_0002
mode:2e3f998dacef	LEADS_TO	group:effect_regroup_0002
cause:988cc76dc0fc	CAUSES	mode:2e3f998dacef
cause:988cc76dc0fc	CAUSES_EFFECT	group:effect_regroup_0002
mode:a1277c9f5034	BELONGS_TO	group:mode_group_0227
cause:431d1b3ba21e	CAUSES	group:mode_group_0227
cause:431d1b3ba21e	CAUSES_EFFECT	group:effect_regroup_0002
mode:6e765e95c355	LEADS_TO	group:effect_regroup_0016
cause:e9246a4479fe	CAUSES	mode:6e765e95c355
cause:e9246a4479fe	CAUSES_EFFECT	group:effect_regroup_0016
mode:dc028486ee65	LEADS_TO	effect:969cd8339b23
cause:9adb14b005da	BELONGS_TO	group:cause_group_0158
mode:9ce3d3950065	BELONGS_TO	group:mode_group_0039
cause:7eae31b6efbe	BELONGS_TO	group:cause_group_0288
mode:1c906892e42f	BELONGS_TO	group:mode_group_0230
cause:6f049dbc2a5e	BELONGS_TO	group:cause_regroup_0018
mode:8e6569f333e3	BELONGS_TO	group:mode_group_0230
cause:d2b0299b4ad7	BELONGS_TO	group:cause_group_0294
mode:1a3e0cba0976	BELONGS_TO	group:mode_regroup_0023
cause:445eec13e059	CAUSES	group:mode_regroup_0023
cause:445eec13e059	CAUSES_EFFECT	group:effect_group_0154
effect:899d562f1466	BELONGS_TO	group:effect_group_0154
cause:2de5f54cfbcd	CAUSES	group:mode_regroup_0023
cause:2de5f54cfbcd	CAUSES_EFFECT	group:effect_group_0003
mode:2dd249bfb986	LEADS_TO	effect:679a69349833
cause:553b2ddd9533	BELONGS_TO	group:cause_group_0043
mode:887993a43783	BELONGS_TO	group:mode_group_0232
cause:49b62f9aa982	CAUSES	group:mode_group_0232
cause:49b62f9aa982	CAUSES_EFFECT	effect:da2407a8b844
mode:474d5d978674	BELONGS_TO	group:mode_group_0020
cause:0c73daa1b186	CAUSES	group:mode_group_0020
cause:0c73daa1b186	CAUSES_EFFECT	group:effect_group_0156
effect:18537d48808b	BELONGS_TO	group:effect_group_0156
cause:85a825521086	CAUSES	group:mode_group_0020
cause:85a825521086	CAUSES_EFFECT	group:effect_group_0156
cause:adc9cff00b49	CAUSES	group:mode_group_0020
cause:adc9cff00b49	CAUSES_EFFECT	group:effect_group_0156
mode:3ddb62c0520e	LEADS_TO	group:effect_group_0156
cause:6bb5c8b05773	CAUSES	mode:3ddb62c0520e
cause:6bb5c8b05773	CAUSES	mode:7967db1388f1
cause:6bb5c8b05773	CAUSES_EFFECT	effect:298f22c8c440
cause:6bb5c8b05773	CAUSES_EFFECT	group:effect_group_0156
effect:b1bbe3941001	BELONGS_TO	group:effect_group_0156
cause:c67c68d1a389	BELONGS_TO	group:cause_group_0301
cause:0741352ea61e	CAUSES	mode:3ddb62c0520e
cause:0741352ea61e	CAUSES_EFFECT	group:effect_group_0156
mode:7967db1388f1	LEADS_TO	effect:298f22c8c440
mode:19c649be8fdb	LEADS_TO	effect:b0906c2f3eb3
cause:05cba1851746	BELONGS_TO	group:cause_regroup_0003
mode:35128b121a12	LEADS_TO	group:effect_regroup_0018
mode:35128b121a12	LEADS_TO	group:effect_regroup_0020
cause:55aa5a2cecd3	CAUSES	mode:35128b121a12
cause:55aa5a2cecd3	CAUSES_EFFECT	group:effect_regroup_0018
cause:55aa5a2cecd3	CAUSES_EFFECT	group:effect_regroup_0020
effect:7fa605be8717	BELONGS_TO	group:effect_regroup_0020
effect:8871072da176	BELONGS_TO	group:effect_regroup_0018
mode:2ff5b3ebc911	LEADS_TO	effect:d54bef97a4d1
cause:4ec2b4a9a5a1	CAUSES	mode:2ff5b3ebc911
cause:4ec2b4a9a5a1	CAUSES_EFFECT	effect:d54bef97a4d1
mode:77d1771a95bd	LEADS_TO	effect:6832d12e8ecf
cause:c90b1198f689	CAUSES	mode:77d1771a95bd
cause:c90b1198f689	CAUSES	mode:7d652d9fbbe6
cause:c90b1198f689	CAUSES_EFFECT	effect:6832d12e8ecf
cause:c90b1198f689	CAUSES_EFFECT	effect:3fc97ce7e343
mode:7d652d9fbbe6	LEADS_TO	effect:3fc97ce7e343
mode:d132a1ee4252	LEADS_TO	effect:fc4952f4fb43
mode:d132a1ee4252	LEADS_TO	effect:3fb04154d9c0
cause:8976b251a579	CAUSES	mode:d132a1ee4252
cause:8976b251a579	CAUSES_EFFECT	effect:fc4952f4fb43
cause:8976b251a579	CAUSES_EFFECT	effect:3fb04154d9c0
mode:27fd50c88bf6	BELONGS_TO	group:mode_group_0239
cause:2ef75fd36224	CAUSES	group:mode_group_0239
cause:2ef75fd36224	CAUSES_EFFECT	effect:eb3b72714761
mode:319f7efd58d4	LEADS_TO	group:effect_group_0032
cause:8b07994a9c8d	CAUSES	mode:319f7efd58d4
cause:8b07994a9c8d	CAUSES_EFFECT	group:effect_group_0032
effect:a09f81abf418	BELONGS_TO	group:effect_group_0032
mode:8f68a9163e6b	BELONGS_TO	group:mode_group_0241
cause:4fd29b49f303	CAUSES	group:mode_group_0241
cause:4fd29b49f303	CAUSES_EFFECT	group:effect_group_0164
effect:1dc648cadd56	BELONGS_TO	group:effect_group_0164
mode:5a6846c09182	BELONGS_TO	group:mode_group_0241
cause:696c01b939cb	CAUSES	group:mode_group_0241
cause:696c01b939cb	CAUSES_EFFECT	group:effect_group_0164
mode:3209374f7386	LEADS_TO	group:effect_group_0164
cause:7e26b146e6ec	CAUSES	mode:3209374f7386
cause:7e26b146e6ec	CAUSES_EFFECT	group:effect_group_0164
effect:2c017de54753	BELONGS_TO	group:effect_group_0164
mode:6f103bb03816	LEADS_TO	effect:af6580c2eb5f
cause:a2b968114fe1	CAUSES	mode:6f103bb03816
cause:a2b968114fe1	CAUSES_EFFECT	effect:af6580c2eb5f
mode:21e3f46c4cd2	LEADS_TO	effect:9e5b4f0eda34
cause:60477c3b7ac5	CAUSES	mode:21e3f46c4cd2
cause:60477c3b7ac5	CAUSES_EFFECT	effect:9e5b4f0eda34
element:b320f0ec5d95	HAS_FUNCTION	function:a7c8480e3f6c
function:a7c8480e3f6c	HAS_MODE	mode:e87a2272339c
mode:e87a2272339c	LEADS_TO	group:effect_regroup_0031
cause:c738f86f4f62	BELONGS_TO	group:cause_regroup_0014
effect:160ad2595ea2	BELONGS_TO	group:effect_regroup_0031
element:c7b3295b2f1c	HAS_FUNCTION	function:742b4822f963
element:c7b3295b2f1c	HAS_FUNCTION	function:b33538179f56
function:742b4822f963	HAS_MODE	mode:af1e37a9d032
function:742b4822f963	HAS_MODE	mode:683de8d7e651
function:742b4822f963	HAS_MODE	group:mode_regroup_0027
mode:9729c2992ed6	BELONGS_TO	group:mode_regroup_0027
cause:4dae8dc845f3	CAUSES	group:mode_regroup_0027
cause:4dae8dc845f3	CAUSES_EFFECT	effect:b5152bdb7f0a
mode:af1e37a9d032	LEADS_TO	group:effect_regroup_0031
cause:3d63172a065c	CAUSES	mode:af1e37a9d032
cause:3d63172a065c	CAUSES_EFFECT	group:effect_regroup_0031
effect:71acd740945b	BELONGS_TO	group:effect_regroup_0031
mode:683de8d7e651	LEADS_TO	effect:bd052a0de6ed
mode:683de8d7e651	LEADS_TO	effect:b44bef50464e
cause:e337ef9528b3	CAUSES	mode:683de8d7e651
cause:e337ef9528b3	CAUSES_EFFECT	effect:bd052a0de6ed
cause:53bf935cbd65	CAUSES	mode:683de8d7e651
cause:53bf935cbd65	CAUSES_EFFECT	effect:b44bef50464e
function:b33538179f56	HAS_MODE	mode:0ec468e2aaad
function:b33538179f56	HAS_MODE	mode:62bd3205848e
function:b33538179f56	HAS_MODE	group:mode_regroup_0028
mode:0ec468e2aaad	LEADS_TO	effect:b44bef50464e
cause:9f890ad580b1	CAUSES	mode:0ec468e2aaad
cause:9f890ad580b1	CAUSES_EFFECT	effect:b44bef50464e
cause:cb309643642e	CAUSES	mode:0ec468e2aaad
cause:cb309643642e	CAUSES_EFFECT	effect:b44bef50464e
mode:0c3ea7fecc3b	BELONGS_TO	group:mode_regroup_0028
cause:c3918fe51544	CAUSES	group:mode_regroup_0028
cause:c3918fe51544	CAUSES_EFFECT	group:effect_regroup_0031
mode:62bd3205848e	LEADS_TO	group:effect_regroup_0031
cause:3f07ab66cfb4	BELONGS_TO	group:cause_regroup_0005
mode:dc398ece0fc4	LEADS_TO	effect:de56002f5d3e
mode:dc398ece0fc4	LEADS_TO	group:effect_group_0003
mode:dc398ece0fc4	LEADS_TO	group:effect_group_0154
cause:e7677b87ce8b	BELONGS_TO	group:cause_group_0072
effect:2a94cbdc0533	BELONGS_TO	group:effect_group_0154
cause:e20115096c49	BELONGS_TO	group:cause_group_0320
cause:e802f00dc6b8	BELONGS_TO	group:cause_group_0321
mode:4b32dbd8b9f2	LEADS_TO	effect:de56002f5d3e
mode:4b32dbd8b9f2	LEADS_TO	group:effect_group_0003
mode:050ea9f0fe81	BELONGS_TO	group:mode_group_0253
cause:ed5fb52a4eb1	BELONGS_TO	group:cause_group_0322
mode:0ae70a92a8f4	BELONGS_TO	group:mode_group_0253
cause:887ba5f3eaf1	BELONGS_TO	group:cause_group_0322
cause:ff59ff7ad0db	BELONGS_TO	group:cause_group_0323
mode:c7ffbeb68a98	BELONGS_TO	group:mode_group_0254
cause:bc18bb634e24	CAUSES	group:mode_group_0083
cause:bc18bb634e24	CAUSES	group:mode_group_0254
cause:bc18bb634e24	CAUSES_EFFECT	group:effect_group_0172
effect:f40089304683	BELONGS_TO	group:effect_group_0172
cause:03668ac759cb	CAUSES	group:mode_group_0254
cause:03668ac759cb	CAUSES_EFFECT	effect:fe4f4c07d6fd
cause:03668ac759cb	CAUSES_EFFECT	group:effect_regroup_0033
mode:6cf303ed42c2	BELONGS_TO	group:mode_group_0254
effect:acb08ad24f16	BELONGS_TO	group:effect_regroup_0033
mode:1d8a6888ba2f	BELONGS_TO	group:mode_regroup_0029
cause:6f0d6580cfe8	CAUSES	group:mode_regroup_0029
cause:6f0d6580cfe8	CAUSES_EFFECT	group:effect_regroup_0033
mode:a08c5c1972ee	BELONGS_TO	group:mode_group_0083
cause:807beba1b974	CAUSES	group:mode_group_0083
cause:807beba1b974	CAUSES_EFFECT	effect:fe4f4c07d6fd
mode:9104a3b2f54d	BELONGS_TO	group:mode_group_0083
cause:012287f9868e	CAUSES	mode:353633af21c7
cause:012287f9868e	CAUSES	group:mode_group_0083
cause:012287f9868e	CAUSES_EFFECT	effect:b072d0dfecbe
cause:012287f9868e	CAUSES_EFFECT	group:effect_group_0003
cause:249f6e74b520	BELONGS_TO	group:cause_group_0072
mode:bf46234f13cf	LEADS_TO	effect:eacec107c7bb
cause:cfe01cf84a12	BELONGS_TO	group:cause_group_0321
mode:efbfc4f13c55	LEADS_TO	group:effect_group_0003
mode:efbfc4f13c55	LEADS_TO	group:effect_group_0172
mode:db452669d2eb	LEADS_TO	group:effect_group_0150
effect:fa83aa20b244	BELONGS_TO	group:effect_group_0150
mode:e254ab4242e5	LEADS_TO	effect:565d64d844bd
mode:e254ab4242e5	LEADS_TO	effect:67464b942bc3
mode:e254ab4242e5	LEADS_TO	effect:9ce0a566e8b4
mode:e254ab4242e5	LEADS_TO	group:effect_group_0172
cause:6365df3cd72b	CAUSES	mode:e254ab4242e5
cause:6365df3cd72b	CAUSES_EFFECT	effect:565d64d844bd
cause:48f0081ceeed	BELONGS_TO	group:cause_group_0329
cause:a56c14b109aa	CAUSES	mode:e254ab4242e5
cause:a56c14b109aa	CAUSES_EFFECT	effect:9ce0a566e8b4
mode:949a4987001d	LEADS_TO	effect:917ff990112f
mode:949a4987001d	LEADS_TO	group:effect_group_0177
effect:39265c89e00a	BELONGS_TO	group:effect_group_0177
cause:65fc42c94950	CAUSES	mode:949a4987001d
cause:65fc42c94950	CAUSES_EFFECT	effect:917ff990112f
mode:3dcf2b52fb4f	BELONGS_TO	group:mode_regroup_0021
cause:4e6b454e87d0	CAUSES	group:mode_regroup_0021
cause:4e6b454e87d0	CAUSES_EFFECT	group:effect_regroup_0012
effect:a56c14b109aa	BELONGS_TO	group:effect_regroup_0012
mode:b8dd8c7906e1	BELONGS_TO	group:mode_group_0105
cause:1406feb2c198	BELONGS_TO	group:cause_group_0320
effect:015f28b9df1b	BELONGS_TO	group:effect_regroup_0033
cause:fb010c0ca89b	BELONGS_TO	group:cause_group_0138
cause:eedc3c01ffc8	BELONGS_TO	group:cause_group_0329
mode:9c7aed6272c6	LEADS_TO	effect:67464b942bc3
mode:9c7aed6272c6	LEADS_TO	group:effect_group_0172
cause:01a5dd022e25	CAUSES	mode:9c7aed6272c6
cause:01a5dd022e25	CAUSES	mode:353633af21c7
cause:01a5dd022e25	CAUSES_EFFECT	effect:67464b942bc3
cause:01a5dd022e25	CAUSES_EFFECT	group:effect_regroup_0012
mode:5a7a57d7b436	LEADS_TO	effect:6986104b2d67
mode:5a7a57d7b436	LEADS_TO	effect:c44bfc453b39
cause:336d5ebc5436	CAUSES	mode:5a7a57d7b436
cause:336d5ebc5436	CAUSES_EFFECT	effect:6986104b2d67
cause:336d5ebc5436	CAUSES_EFFECT	effect:c44bfc453b39
mode:5ba46ca80a91	LEADS_TO	effect:13cd05e21e8e
mode:5ba46ca80a91	LEADS_TO	group:effect_group_0172
mode:5ba46ca80a91	LEADS_TO	group:effect_group_0154
cause:4ac41a6f0d02	BELONGS_TO	group:cause_group_0332
cause:233f498a30f6	BELONGS_TO	group:cause_group_0332
mode:fb7f79562517	LEADS_TO	effect:67464b942bc3
mode:fb7f79562517	LEADS_TO	effect:791a33be9ac1
mode:fb7f79562517	LEADS_TO	group:effect_group_0172
cause:f6e775c97a88	CAUSES	mode:fb7f79562517
cause:f6e775c97a88	CAUSES_EFFECT	effect:791a33be9ac1
cause:d5b6143a978d	CAUSES	mode:fb7f79562517
cause:d5b6143a978d	CAUSES_EFFECT	effect:67464b942bc3
cause:d5b6143a978d	CAUSES_EFFECT	group:effect_group_0172
mode:353633af21c7	LEADS_TO	group:effect_group_0003
mode:353633af21c7	LEADS_TO	group:effect_regroup_0012
effect:d5a68540a6d3	BELONGS_TO	group:effect_regroup_0012
effect:f96ad2511414	BELONGS_TO	group:effect_group_0003
cause:64cb759f39af	CAUSES	mode:353633af21c7
cause:64cb759f39af	CAUSES_EFFECT	group:effect_group_0003
cause:20d2ce63bcd3	BELONGS_TO	group:cause_group_0336
mode:f27c46451699	LEADS_TO	effect:6b06bb8f5481
mode:f27c46451699	LEADS_TO	group:effect_regroup_0005
cause:f2ae42d3652b	BELONGS_TO	group:cause_group_0321
effect:96d241822303	BELONGS_TO	group:effect_regroup_0005
mode:73307549f18f	LEADS_TO	group:effect_group_0172
mode:73307549f18f	LEADS_TO	group:effect_group_0056
mode:4a0c88033399	LEADS_TO	group:effect_group_0150
mode:5a428d824af6	LEADS_TO	group:effect_group_0172
cause:4d029457ca9a	CAUSES	mode:5a428d824af6
cause:4d029457ca9a	CAUSES_EFFECT	group:effect_group_0172
cause:6ebc5c3cce17	CAUSES	mode:5a428d824af6
cause:6ebc5c3cce17	CAUSES	mode:d044a362e8e3
cause:6ebc5c3cce17	CAUSES_EFFECT	group:effect_group_0172
cause:6ebc5c3cce17	CAUSES_EFFECT	group:effect_regroup_0002
mode:ed4ee2835957	LEADS_TO	effect:fe4f4c07d6fd
mode:ed4ee2835957	LEADS_TO	effect:d8db5decfe56
mode:c7baddfef5dc	LEADS_TO	effect:fe4f4c07d6fd
mode:c7baddfef5dc	LEADS_TO	group:effect_group_0172
cause:78948dbbff37	BELONGS_TO	group:cause_group_0336
mode:fa83aa20b244	LEADS_TO	effect:61add68f4552
mode:fa83aa20b244	LEADS_TO	group:effect_group_0172
cause:b004b7ee001a	CAUSES	mode:fa83aa20b244
cause:b004b7ee001a	CAUSES_EFFECT	effect:61add68f4552
cause:2f09cf6a0c78	BELONGS_TO	group:cause_group_0321
mode:f4142bec5ee3	BELONGS_TO	group:mode_group_0271
cause:e81e4583cdd6	BELONGS_TO	group:cause_group_0043
cause:c5d3cf3c81c9	CAUSES	group:mode_group_0272
cause:c5d3cf3c81c9	CAUSES	group:mode_group_0271
cause:c5d3cf3c81c9	CAUSES_EFFECT	group:effect_group_0032
mode:ba1737c4e2cb	BELONGS_TO	group:mode_group_0272
mode:72fd4551cf29	BELONGS_TO	group:mode_group_0232
cause:5a428d824af6	BELONGS_TO	group:cause_group_0340
cause:428dcea2a72e	CAUSES	group:mode_group_0232
cause:428dcea2a72e	CAUSES_EFFECT	effect:61add68f4552
cause:428dcea2a72e	CAUSES_EFFECT	effect:9a7436227ce4
cause:428dcea2a72e	CAUSES_EFFECT	effect:067918f4d4a7
cause:428dcea2a72e	CAUSES_EFFECT	group:effect_regroup_0015
effect:d80126f1f582	BELONGS_TO	group:effect_regroup_0015
mode:e598a5dc0dc7	BELONGS_TO	group:mode_regroup_0009
cause:40b5fe840ff0	CAUSES	group:mode_regroup_0009
cause:40b5fe840ff0	CAUSES_EFFECT	group:effect_group_0154
effect:783e5ede4d90	BELONGS_TO	group:effect_regroup_0015
mode:7ed558b387ee	LEADS_TO	effect:b88bb40a9562
mode:7ed558b387ee	LEADS_TO	effect:1ae82044d371
mode:7ed558b387ee	LEADS_TO	effect:36266dee6643
mode:d044a362e8e3	LEADS_TO	effect:ac5e8ca65b7f
mode:d044a362e8e3	LEADS_TO	effect:3df975f02e99
mode:d044a362e8e3	LEADS_TO	group:effect_regroup_0002
cause:9a8640777fae	CAUSES	mode:d044a362e8e3
cause:9a8640777fae	CAUSES_EFFECT	effect:ac5e8ca65b7f
cause:68ab1e83b726	CAUSES	mode:d044a362e8e3
cause:68ab1e83b726	CAUSES_EFFECT	effect:3df975f02e99
effect:bf290a3d7245	BELONGS_TO	group:effect_regroup_0002
mode:43844993ea41	BELONGS_TO	group:mode_group_0275
cause:b317741c304a	CAUSES	group:mode_group_0275
cause:b317741c304a	CAUSES_EFFECT	effect:9a7436227ce4
cause:c3bed447d360	CAUSES	group:mode_group_0275
cause:c3bed447d360	CAUSES_EFFECT	effect:6a963b496240
cause:c3bed447d360	CAUSES_EFFECT	effect:d252bde92ac5
mode:6c28788ffbe4	BELONGS_TO	group:mode_group_0275
cause:e4a0cf155f75	CAUSES	group:mode_group_0275
cause:e4a0cf155f75	CAUSES_EFFECT	group:effect_regroup_0012
effect:dabafe646e9d	BELONGS_TO	group:effect_regroup_0012
cause:788e9f6ddd3f	BELONGS_TO	group:cause_group_0340
mode:5ae2f0fb4b17	LEADS_TO	effect:d6de02a6d41d
mode:5ae2f0fb4b17	LEADS_TO	group:effect_regroup_0012
cause:28fa56cde228	BELONGS_TO	group:cause_regroup_0024
effect:89b18d2a9a04	BELONGS_TO	group:effect_regroup_0012
mode:b9c03861e6a5	LEADS_TO	effect:1bfb6c752947
cause:2efa726d597e	BELONGS_TO	group:cause_regroup_0024
cause:e7a81ca269c4	CAUSES	mode:b9c03861e6a5
cause:e7a81ca269c4	CAUSES_EFFECT	effect:1bfb6c752947
cause:9c5664fdc643	CAUSES	mode:b9c03861e6a5
cause:9c5664fdc643	CAUSES_EFFECT	effect:1bfb6c752947
mode:9c86e7ba063b	LEADS_TO	effect:f6ce236e18a9
mode:9c86e7ba063b	LEADS_TO	group:effect_group_0177
cause:c9c39b7cb8dc	CAUSES	mode:9c86e7ba063b
cause:c9c39b7cb8dc	CAUSES_EFFECT	effect:f6ce236e18a9
cause:c9c39b7cb8dc	CAUSES_EFFECT	group:effect_group_0177
effect:7c3b5ed992d3	BELONGS_TO	group:effect_group_0177
mode:27e1f7069b4c	BELONGS_TO	group:mode_group_0279
mode:a95dc95222b0	BELONGS_TO	group:mode_group_0279
mode:15cd0cdd1dcc	LEADS_TO	group:effect_group_0177
cause:8422881e81d6	CAUSES	mode:15cd0cdd1dcc
cause:8422881e81d6	CAUSES_EFFECT	group:effect_group_0177
cause:339b60b9da2a	CAUSES	mode:15cd0cdd1dcc
cause:339b60b9da2a	CAUSES_EFFECT	group:effect_group_0177
mode:811ded64a932	LEADS_TO	group:effect_group_0177
cause:f7e0c535b933	CAUSES	mode:811ded64a932
cause:f7e0c535b933	CAUSES_EFFECT	group:effect_group_0177
mode:8d2f5608cc37	LEADS_TO	group:effect_group_0177
cause:fe69432f976f	CAUSES	mode:8d2f5608cc37
cause:fe69432f976f	CAUSES_EFFECT	group:effect_group_0177
mode:e3afe64c8cd9	LEADS_TO	group:effect_group_0177
cause:3765f723179f	CAUSES	mode:e3afe64c8cd9
cause:3765f723179f	CAUSES_EFFECT	group:effect_group_0177
cause:56001d1c102d	CAUSES	mode:e3afe64c8cd9
cause:56001d1c102d	CAUSES_EFFECT	group:effect_group_0177
mode:d9251907d1dc	LEADS_TO	effect:67464b942bc3
mode:d9251907d1dc	LEADS_TO	group:effect_group_0177
cause:50985be0c3af	CAUSES	mode:d9251907d1dc
cause:50985be0c3af	CAUSES_EFFECT	effect:67464b942bc3
mode:0a448ae7a88b	LEADS_TO	group:effect_regroup_0011
cause:ae5222fbd3b5	CAUSES	mode:0a448ae7a88b
cause:ae5222fbd3b5	CAUSES_EFFECT	group:effect_regroup_0011
effect:b26c270cec4e	BELONGS_TO	group:effect_regroup_0011
mode:b8ac296427a7	LEADS_TO	effect:67464b942bc3
mode:6af1715096ea	BELONGS_TO	group:mode_group_0214
cause:85f71229a7c8	BELONGS_TO	group:cause_group_0359
effect:7ff983fb58f7	BELONGS_TO	group:effect_group_0003
cause:512109b169ea	CAUSES	group:mode_group_0214
cause:512109b169ea	CAUSES_EFFECT	effect:932a6ec9975b
cause:512109b169ea	CAUSES_EFFECT	group:effect_group_0003
mode:ce656e29bdf3	BELONGS_TO	group:mode_group_0214
cause:76b3616edeb1	BELONGS_TO	group:cause_group_0359
mode:f373acf58fda	BELONGS_TO	group:mode_group_0214
cause:6b240d1c1bc5	CAUSES	group:mode_group_0214
cause:6b240d1c1bc5	CAUSES_EFFECT	group:effect_group_0003
cause:a6c19d179a54	CAUSES	group:mode_group_0214
cause:a6c19d179a54	CAUSES_EFFECT	group:effect_group_0003
mode:00e14149ed7b	LEADS_TO	group:effect_group_0003
cause:9c931120ea65	CAUSES	mode:00e14149ed7b
cause:9c931120ea65	CAUSES_EFFECT	group:effect_group_0003
mode:b095a40a9f68	LEADS_TO	group:effect_group_0177
cause:c45324a94498	CAUSES	mode:b095a40a9f68
cause:c45324a94498	CAUSES_EFFECT	group:effect_group_0177
cause:329b7457568b	BELONGS_TO	group:cause_group_0365
mode:d0795d78a891	LEADS_TO	group:effect_group_0032
cause:ffee8bc33e1c	BELONGS_TO	group:cause_group_0365
mode:24ea7684c2e0	LEADS_TO	effect:67464b942bc3
cause:782ef72d481f	CAUSES	mode:24ea7684c2e0
cause:782ef72d481f	CAUSES_EFFECT	effect:67464b942bc3
mode:0510f6a000b7	LEADS_TO	effect:67464b942bc3
cause:2265a29c9f7b	CAUSES	mode:0510f6a000b7
cause:2265a29c9f7b	CAUSES_EFFECT	effect:67464b942bc3
mode:296592a77ed2	LEADS_TO	group:effect_regroup_0015
cause:998c6be32b4e	CAUSES	mode:296592a77ed2
cause:998c6be32b4e	CAUSES_EFFECT	group:effect_regroup_0015
mode:c51b5aeef927	LEADS_TO	group:effect_regroup_0011
cause:0510f6a000b7	CAUSES	mode:c51b5aeef927
cause:0510f6a000b7	CAUSES_EFFECT	group:effect_regroup_0011
effect:7debeeb357a1	BELONGS_TO	group:effect_regroup_0011
mode:1dbd24c55427	LEADS_TO	effect:67464b942bc3
mode:1dbd24c55427	LEADS_TO	group:effect_group_0003
cause:0cfd6894bf68	CAUSES	mode:1dbd24c55427
cause:0cfd6894bf68	CAUSES_EFFECT	effect:67464b942bc3
cause:0cfd6894bf68	CAUSES_EFFECT	group:effect_group_0003
mode:f2bcb38bd844	LEADS_TO	group:effect_group_0003
cause:524b6462839c	CAUSES	mode:f2bcb38bd844
cause:524b6462839c	CAUSES_EFFECT	group:effect_group_0003
mode:0971e0ea2a3a	LEADS_TO	effect:668b375c1551
mode:0971e0ea2a3a	LEADS_TO	effect:a536a136b4f6
mode:0971e0ea2a3a	LEADS_TO	group:effect_regroup_0024
cause:00fe03a3c99c	CAUSES	mode:0971e0ea2a3a
cause:00fe03a3c99c	CAUSES_EFFECT	effect:668b375c1551
cause:00fe03a3c99c	CAUSES_EFFECT	effect:a536a136b4f6
cause:00fe03a3c99c	CAUSES_EFFECT	group:effect_regroup_0024
effect:47dca304a2ba	BELONGS_TO	group:effect_regroup_0024
mode:4dfc84502e86	LEADS_TO	effect:e3c185cdab9c
cause:31fb6d1c95cf	BELONGS_TO	group:cause_group_0057
mode:795dca65e19c	LEADS_TO	effect:3cab33cca767
cause:c5200acd479b	CAUSES	mode:795dca65e19c
cause:c5200acd479b	CAUSES_EFFECT	effect:3cab33cca767
mode:ee93e9a4072c	LEADS_TO	effect:b5c8991e14c9
cause:cbb87e7dc576	CAUSES	mode:ee93e9a4072c
cause:cbb87e7dc576	CAUSES_EFFECT	effect:b5c8991e14c9
mode:37c7fe25dc94	LEADS_TO	effect:344469cf5911
cause:8885e5815449	BELONGS_TO	group:cause_group_0375
mode:da554cd9f683	LEADS_TO	effect:082f637b5f4c
mode:b4911e2b9299	BELONGS_TO	group:mode_group_0040
cause:a0370fd4d79c	CAUSES	group:mode_group_0040
cause:a0370fd4d79c	CAUSES_EFFECT	group:effect_group_0177
effect:e37304afacf7	BELONGS_TO	group:effect_group_0177
mode:109dcf7cb724	LEADS_TO	effect:ef9e2dbde741
cause:e6fe11c23bf2	BELONGS_TO	group:cause_regroup_0026
mode:d63046f24155	LEADS_TO	effect:89aaf01eda2c
cause:fc5de27de080	CAUSES	mode:d63046f24155
cause:fc5de27de080	CAUSES_EFFECT	effect:89aaf01eda2c
mode:defa28515e25	BELONGS_TO	group:mode_group_0040
mode:bc7a9c9205ba	LEADS_TO	effect:e15d402f3abe
cause:5acda67eee1d	BELONGS_TO	group:cause_group_0301
mode:765cf974063a	LEADS_TO	effect:f6dccafd7d28
cause:d1e45a982e3d	CAUSES	mode:765cf974063a
cause:d1e45a982e3d	CAUSES_EFFECT	effect:f6dccafd7d28
mode:614819cb464c	LEADS_TO	effect:7b39018e408b
mode:614819cb464c	LEADS_TO	effect:6e004c4833b5
cause:96e396944123	CAUSES	mode:614819cb464c
cause:96e396944123	CAUSES_EFFECT	effect:7b39018e408b
cause:7b9348541f53	CAUSES	mode:614819cb464c
cause:7b9348541f53	CAUSES_EFFECT	effect:6e004c4833b5
mode:5f919d3edb51	LEADS_TO	group:effect_group_0151
cause:41f4a0f9dde5	CAUSES	mode:5f919d3edb51
cause:41f4a0f9dde5	CAUSES_EFFECT	group:effect_group_0151
effect:3439512689d6	BELONGS_TO	group:effect_group_0151
mode:0d1032fe2c1b	BELONGS_TO	group:mode_regroup_0002
cause:7f63545fe3d9	CAUSES	group:mode_regroup_0002
cause:7f63545fe3d9	CAUSES_EFFECT	effect:db5a33c53a42
mode:374863b66584	LEADS_TO	effect:db5a33c53a42
cause:b32f6bb0a54e	CAUSES	mode:374863b66584
cause:b32f6bb0a54e	CAUSES_EFFECT	effect:db5a33c53a42
mode:e97e8dd20f78	LEADS_TO	effect:4e67562969c6
cause:69d964709f52	CAUSES	mode:e97e8dd20f78
cause:69d964709f52	CAUSES_EFFECT	effect:4e67562969c6
mode:dfb2a8ae500f	BELONGS_TO	group:mode_group_0308
cause:83e1acda3ae1	CAUSES	group:mode_group_0308
cause:83e1acda3ae1	CAUSES_EFFECT	group:effect_regroup_0040
effect:4e9c8218aee6	BELONGS_TO	group:effect_regroup_0040
mode:223c6e715570	BELONGS_TO	group:mode_group_0200
cause:53a8d6708fb3	BELONGS_TO	group:cause_group_0386
cause:9f423553f6f9	BELONGS_TO	group:cause_group_0387
effect:65a4859fe3b7	BELONGS_TO	group:effect_regroup_0015
mode:d6a8d05b8a04	LEADS_TO	effect:2f0f32f17071
mode:d6a8d05b8a04	LEADS_TO	group:effect_group_0019
cause:440912d1a4e9	CAUSES	mode:d6a8d05b8a04
cause:440912d1a4e9	CAUSES_EFFECT	group:effect_group_0019
effect:9864586fafb5	BELONGS_TO	group:effect_group_0019
cause:7de12e331290	CAUSES	mode:d6a8d05b8a04
cause:7de12e331290	CAUSES_EFFECT	group:effect_group_0019
cause:ad61659f6338	CAUSES	mode:d6a8d05b8a04
cause:ad61659f6338	CAUSES_EFFECT	effect:2f0f32f17071
mode:2bab40109ab7	BELONGS_TO	group:mode_group_0308
cause:79979e8db943	BELONGS_TO	group:cause_group_0218
effect:223c6e715570	BELONGS_TO	group:effect_group_0214
mode:fcd2af2eac4d	LEADS_TO	group:effect_regroup_0040
cause:bfc02ac3ccae	BELONGS_TO	group:cause_group_0387
effect:08a78e81b8a9	BELONGS_TO	group:effect_regroup_0040
mode:9c583a0a533a	LEADS_TO	group:effect_regroup_0041
cause:b04282e1e7ec	CAUSES	mode:9c583a0a533a
cause:b04282e1e7ec	CAUSES_EFFECT	group:effect_regroup_0041
effect:8d2b49d3c522	BELONGS_TO	group:effect_regroup_0041
mode:1bf7ddf4d36f	LEADS_TO	effect:29e24ab555b4
cause:8abbba189985	CAUSES	mode:1bf7ddf4d36f
cause:8abbba189985	CAUSES_EFFECT	effect:29e24ab555b4
mode:7de57223557d	LEADS_TO	effect:1354ef03b853
cause:6f66a80da21b	CAUSES	mode:7de57223557d
cause:6f66a80da21b	CAUSES_EFFECT	effect:1354ef03b853
mode:a7290bf29ee6	BELONGS_TO	group:mode_group_0200
cause:782cec68cb30	BELONGS_TO	group:cause_group_0043
mode:19aa0606c279	LEADS_TO	effect:444234621533
mode:19aa0606c279	LEADS_TO	effect:5d878b54d752
cause:8c2f5fc7ba07	CAUSES	mode:19aa0606c279
cause:8c2f5fc7ba07	CAUSES_EFFECT	effect:444234621533
mode:bb4bca3e0b1c	LEADS_TO	effect:dc5890d9ae25
cause:66825d2b39f7	CAUSES	mode:bb4bca3e0b1c
cause:66825d2b39f7	CAUSES_EFFECT	effect:dc5890d9ae25
mode:743f37d3dffb	LEADS_TO	effect:29e24ab555b4
cause:aea1cc6a00bc	CAUSES	mode:743f37d3dffb
cause:aea1cc6a00bc	CAUSES_EFFECT	effect:29e24ab555b4
mode:dddea0cbc792	BELONGS_TO	group:mode_group_0149
cause:df2bcb49d485	CAUSES	group:mode_group_0149
cause:df2bcb49d485	CAUSES_EFFECT	group:effect_regroup_0003
effect:3a809b358556	BELONGS_TO	group:effect_regroup_0003
cause:a5e57f5eefbf	CAUSES	mode:19aa0606c279
cause:a5e57f5eefbf	CAUSES	mode:5d878b54d752
cause:a5e57f5eefbf	CAUSES_EFFECT	effect:5d878b54d752
cause:a5e57f5eefbf	CAUSES_EFFECT	group:effect_group_0225
cause:96a15f2c4196	CAUSES	mode:19aa0606c279
cause:96a15f2c4196	CAUSES	mode:5d878b54d752
cause:96a15f2c4196	CAUSES_EFFECT	effect:5d878b54d752
cause:96a15f2c4196	CAUSES_EFFECT	group:effect_group_0225
mode:b27315f3659f	BELONGS_TO	group:mode_regroup_0009
cause:3e97caa6d7e7	CAUSES	group:mode_regroup_0009
cause:3e97caa6d7e7	CAUSES_EFFECT	group:effect_regroup_0010
effect:3b049bc41100	BELONGS_TO	group:effect_regroup_0010
mode:2917ad9d7513	BELONGS_TO	group:mode_regroup_0032
cause:eb063abef78f	BELONGS_TO	group:cause_group_0400
effect:eb3d4d9d7125	BELONGS_TO	group:effect_group_0177
mode:f9064420de91	BELONGS_TO	group:mode_regroup_0003
cause:aaddc3454ccb	BELONGS_TO	group:cause_group_0288
effect:bd41579fe411	BELONGS_TO	group:effect_regroup_0040
cause:885e956d587b	CAUSES	group:mode_regroup_0003
cause:885e956d587b	CAUSES_EFFECT	group:effect_regroup_0043
effect:d7f000d80390	BELONGS_TO	group:effect_regroup_0043
cause:4bb1515ac2b8	CAUSES	group:mode_regroup_0003
cause:4bb1515ac2b8	CAUSES_EFFECT	group:effect_regroup_0043
mode:42865b2238bd	LEADS_TO	effect:44d702012a82
cause:441f2c23427a	BELONGS_TO	group:cause_group_0402
mode:836923aab083	BELONGS_TO	group:mode_regroup_0032
mode:ff2a4148fef4	LEADS_TO	effect:064558660035
cause:2ea7370f5762	CAUSES	mode:ff2a4148fef4
cause:2ea7370f5762	CAUSES_EFFECT	effect:064558660035
mode:28d5fbd82e09	LEADS_TO	group:effect_group_0087
cause:cffb6c9d76e5	BELONGS_TO	group:cause_group_0400
effect:3f40a6c57993	BELONGS_TO	group:effect_group_0087
mode:f877c5f74392	LEADS_TO	effect:32eeeb09c665
cause:511bc5c373be	BELONGS_TO	group:cause_group_0400
mode:a4074cda994b	LEADS_TO	group:effect_group_0214
cause:ec08bb59fbeb	CAUSES	mode:a4074cda994b
cause:ec08bb59fbeb	CAUSES_EFFECT	group:effect_group_0214
mode:1449e54d97e7	LEADS_TO	group:effect_group_0214
cause:32c1857a681c	CAUSES	mode:1449e54d97e7
cause:32c1857a681c	CAUSES_EFFECT	group:effect_group_0214
effect:d8637ff80891	BELONGS_TO	group:effect_group_0214
mode:e1784e78b5d5	BELONGS_TO	group:mode_group_0323
cause:83e22ace533f	CAUSES	group:mode_group_0323
cause:83e22ace533f	CAUSES_EFFECT	effect:48fdefa7871c
mode:ad9555c0969c	LEADS_TO	effect:9bdabfeba916
cause:18720025f993	CAUSES	mode:ad9555c0969c
cause:18720025f993	CAUSES_EFFECT	effect:9bdabfeba916
mode:0e68ae5d95eb	LEADS_TO	group:effect_group_0177
mode:0e68ae5d95eb	LEADS_TO	group:effect_regroup_0043
effect:676a915dd2b5	BELONGS_TO	group:effect_group_0177
cause:5eabf13a83df	CAUSES	mode:0e68ae5d95eb
cause:5eabf13a83df	CAUSES_EFFECT	group:effect_regroup_0043
effect:34b8da7c91ec	BELONGS_TO	group:effect_regroup_0043
mode:432f3bc65f9e	LEADS_TO	effect:211d49416e71
cause:611f5cfebb01	BELONGS_TO	group:cause_group_0402
mode:6d240a697354	BELONGS_TO	group:mode_group_0323
cause:0e68ae5d95eb	BELONGS_TO	group:cause_group_0375
mode:6e9541d5682b	BELONGS_TO	group:mode_regroup_0034
cause:bad7c1164b71	CAUSES	group:mode_regroup_0034
cause:bad7c1164b71	CAUSES_EFFECT	group:effect_group_0225
effect:4ebbb3035c16	BELONGS_TO	group:effect_group_0225
cause:d938865829aa	CAUSES	group:mode_regroup_0034
cause:d938865829aa	CAUSES_EFFECT	group:effect_group_0225
mode:44d702012a82	LEADS_TO	effect:dbab7d71ca85
mode:211d49416e71	LEADS_TO	effect:432f3bc65f9e
mode:5d878b54d752	LEADS_TO	group:effect_group_0225
effect:19aa0606c279	BELONGS_TO	group:effect_group_0225
element:a744d260ee77	HAS_FUNCTION	function:c4b4843d0272
function:c4b4843d0272	HAS_MODE	group:mode_group_0329
mode:ef5af13beae8	BELONGS_TO	group:mode_group_0329
cause:3e9711da8dc3	CAUSES	group:mode_group_0329
cause:3e9711da8dc3	CAUSES_EFFECT	effect:d513d3ef6134
cause:3e9711da8dc3	CAUSES_EFFECT	effect:5b458c1361d6
mode:b9625226b8fb	BELONGS_TO	group:mode_group_0329
element:fb6c93d56621	HAS_FUNCTION	function:d76dd6771bee
function:d76dd6771bee	HAS_MODE	mode:6594de5e9595
mode:6594de5e9595	LEADS_TO	effect:d513d3ef6134
cause:2d320fe9f535	BELONGS_TO	group:cause_group_0411
mode:490982a991c9	LEADS_TO	group:effect_group_0230
cause:104b25031337	CAUSES	mode:490982a991c9
cause:104b25031337	CAUSES_EFFECT	group:effect_group_0230
effect:aa0128d328cc	BELONGS_TO	group:effect_group_0230
cause:479adca2c6d7	CAUSES	mode:490982a991c9
cause:479adca2c6d7	CAUSES_EFFECT	group:effect_group_0230
cause:9e3127910390	CAUSES	mode:490982a991c9
cause:9e3127910390	CAUSES_EFFECT	group:effect_group_0230
mode:23212384f4e2	BELONGS_TO	group:mode_regroup_0035
cause:90b7e125c573	BELONGS_TO	group:cause_regroup_0030
effect:1e9d7910d1d6	BELONGS_TO	group:effect_group_0231
mode:1be4a6c1fc68	LEADS_TO	group:effect_group_0231
mode:1be4a6c1fc68	LEADS_TO	group:effect_group_0230
cause:d7fda53a9ad3	CAUSES	mode:1be4a6c1fc68
cause:d7fda53a9ad3	CAUSES_EFFECT	group:effect_group_0231
cause:d7fda53a9ad3	CAUSES_EFFECT	group:effect_group_0230
cause:56671aed9de1	BELONGS_TO	group:cause_group_0415
cause:5032dc5d4368	CAUSES	mode:1be4a6c1fc68
cause:5032dc5d4368	CAUSES_EFFECT	group:effect_group_0231
mode:52d8b962d107	BELONGS_TO	group:mode_regroup_0028
cause:bef972e06898	CAUSES	group:mode_regroup_0028
cause:bef972e06898	CAUSES_EFFECT	group:effect_group_0231
cause:45c7094ddc25	CAUSES	group:mode_regroup_0028
cause:45c7094ddc25	CAUSES_EFFECT	group:effect_group_0231
mode:a821455c1630	LEADS_TO	group:effect_group_0003
mode:4b8b51b6d425	LEADS_TO	group:effect_group_0003
cause:1236ede8eef5	BELONGS_TO	group:cause_group_0415
mode:9d73a0b70121	BELONGS_TO	group:mode_regroup_0036
cause:d68d9404b50c	BELONGS_TO	group:cause_group_0415
mode:62857f941550	BELONGS_TO	group:mode_regroup_0036
cause:d3984b778682	BELONGS_TO	group:cause_group_0010
cause:433a6918c004	CAUSES	group:mode_regroup_0036
cause:433a6918c004	CAUSES_EFFECT	group:effect_group_0003
cause:4146dd1c7695	BELONGS_TO	group:cause_group_0415
mode:84cd7638e9d2	BELONGS_TO	group:mode_regroup_0036
cause:cb46bffdc1a3	BELONGS_TO	group:cause_group_0415
mode:3bf5fab17abb	LEADS_TO	group:effect_group_0003
cause:c8284accc216	CAUSES	mode:3bf5fab17abb
cause:c8284accc216	CAUSES_EFFECT	group:effect_group_0003
mode:5f814a3c35f2	LEADS_TO	effect:fc9b4c899f9a
cause:64d248393e74	CAUSES	mode:5f814a3c35f2
cause:64d248393e74	CAUSES_EFFECT	effect:fc9b4c899f9a
mode:a2820199b2f3	LEADS_TO	group:effect_regroup_0046
cause:2acf7a4ce43a	CAUSES	mode:a2820199b2f3
cause:2acf7a4ce43a	CAUSES_EFFECT	group:effect_regroup_0046
effect:5ac12b9318dc	BELONGS_TO	group:effect_regroup_0046
mode:4553c605dfe9	LEADS_TO	effect:3a12a53d48ab
cause:5d76fc3a9e11	CAUSES	mode:4553c605dfe9
cause:5d76fc3a9e11	CAUSES_EFFECT	effect:3a12a53d48ab
mode:7b58e583d356	LEADS_TO	group:effect_group_0003
cause:ba6aa3a87499	CAUSES	mode:7b58e583d356
cause:ba6aa3a87499	CAUSES_EFFECT	group:effect_group_0003
mode:07f9cc73a8a3	LEADS_TO	group:effect_regroup_0046
cause:5c07f506a1b4	BELONGS_TO	group:cause_group_0426
mode:079cf4c3b7e8	LEADS_TO	group:effect_group_0003
cause:969abfd67d83	CAUSES	mode:079cf4c3b7e8
cause:969abfd67d83	CAUSES_EFFECT	group:effect_group_0003
mode:1ad67dcead41	BELONGS_TO	group:mode_group_0053
cause:058dedaab380	CAUSES	group:mode_group_0053
cause:058dedaab380	CAUSES_EFFECT	group:effect_group_0003
mode:637e4eb7a788	LEADS_TO	group:effect_regroup_0046
cause:d4043953fefd	BELONGS_TO	group:cause_group_0426
mode:538e835b4f33	LEADS_TO	group:effect_group_0231
cause:b1e271fa135e	CAUSES	mode:538e835b4f33
cause:b1e271fa135e	CAUSES_EFFECT	group:effect_group_0231
mode:f91665ada800	LEADS_TO	group:effect_group_0231
cause:d040e9a9072a	BELONGS_TO	group:cause_regroup_0030
effect:f6346c519176	BELONGS_TO	group:effect_group_0231
mode:b97dc362a63c	BELONGS_TO	group:mode_regroup_0035
cause:6864dc4e6ff7	BELONGS_TO	group:cause_group_0104
mode:bcfc1a4c3735	LEADS_TO	group:effect_regroup_0046
cause:7ecdc68fcf4b	CAUSES	mode:bcfc1a4c3735
cause:7ecdc68fcf4b	CAUSES_EFFECT	group:effect_regroup_0046
mode:942673eef40e	LEADS_TO	group:effect_group_0231
cause:778f0cc131da	CAUSES	mode:942673eef40e
cause:778f0cc131da	CAUSES_EFFECT	group:effect_group_0231
mode:d0ee6ed5b68c	BELONGS_TO	group:mode_regroup_0027
cause:ab2867f7da29	CAUSES	group:mode_regroup_0027
cause:ab2867f7da29	CAUSES_EFFECT	group:effect_group_0231
mode:d6dbad1aa9b5	LEADS_TO	effect:8e58266f17bc
cause:135f663acd13	CAUSES	mode:d6dbad1aa9b5
cause:135f663acd13	CAUSES_EFFECT	effect:8e58266f17bc
mode:b0073703440a	BELONGS_TO	group:mode_group_0347
cause:3f94d69ebee8	BELONGS_TO	group:cause_regroup_0031
mode:bcaec14e7922	BELONGS_TO	group:mode_group_0347
cause:8618a0ed54e3	CAUSES	group:mode_group_0347
cause:8618a0ed54e3	CAUSES_EFFECT	group:effect_regroup_0046
effect:4a9b21625efa	BELONGS_TO	group:effect_regroup_0046
mode:8ec1fee7bad8	LEADS_TO	effect:08e2c35bdca4
mode:8ec1fee7bad8	LEADS_TO	group:effect_regroup_0046
cause:c8ad26a31855	BELONGS_TO	group:cause_regroup_0032
cause:8d1664f3877e	BELONGS_TO	group:cause_regroup_0032
cause:3c05351698ac	BELONGS_TO	group:cause_regroup_0031
cause:f48a3d6145a0	CAUSES	mode:8ec1fee7bad8
cause:f48a3d6145a0	CAUSES_EFFECT	group:effect_regroup_0046
mode:0f42b7505004	LEADS_TO	group:effect_regroup_0046
cause:1bc8a8342870	CAUSES	mode:0f42b7505004
cause:1bc8a8342870	CAUSES_EFFECT	group:effect_regroup_0046
cause:961ad69c3c69	BELONGS_TO	group:cause_regroup_0031
cause:e18d8741e115	CAUSES	group:mode_group_0347
cause:e18d8741e115	CAUSES_EFFECT	effect:a0ebdbc9a210
element:141d55025822	HAS_FUNCTION	function:b49baea756a8
element:141d55025822	HAS_FUNCTION	function:43e0f2ed43c2
element:141d55025822	HAS_FUNCTION	function:cca77f1debf9
element:141d55025822	HAS_FUNCTION	function:9f05858b9968
element:141d55025822	HAS_FUNCTION	function:646d8d9f671d
element:141d55025822	HAS_FUNCTION	function:50582b2307c1
element:141d55025822	HAS_FUNCTION	function:b50883623ac3
element:141d55025822	HAS_FUNCTION	function:1c79844d86ba
function:b49baea756a8	HAS_MODE	mode:641a05dcc6cd
function:b49baea756a8	HAS_MODE	mode:d2e8e2a658c6
mode:641a05dcc6cd	LEADS_TO	effect:436d365cb08a
cause:0d66048656e9	CAUSES	mode:641a05dcc6cd
cause:0d66048656e9	CAUSES_EFFECT	effect:436d365cb08a
cause:f1d5a4a8a772	BELONGS_TO	group:cause_group_0437
mode:d2e8e2a658c6	LEADS_TO	group:effect_group_0240
effect:cad9b696c6e0	BELONGS_TO	group:effect_group_0240
function:43e0f2ed43c2	HAS_MODE	mode:4138d729847e
function:43e0f2ed43c2	HAS_MODE	mode:1932d883c32f
mode:4138d729847e	LEADS_TO	effect:436d365cb08a
mode:4138d729847e	LEADS_TO	group:effect_group_0240
cause:d7b9939e776c	CAUSES	mode:4138d729847e
cause:d7b9939e776c	CAUSES_EFFECT	group:effect_group_0240
effect:0c5c2a82c5dd	BELONGS_TO	group:effect_group_0240
cause:397f233938c2	CAUSES	mode:4138d729847e
cause:397f233938c2	CAUSES	mode:1932d883c32f
cause:397f233938c2	CAUSES	mode:28386371ee8d
cause:397f233938c2	CAUSES_EFFECT	effect:436d365cb08a
mode:1932d883c32f	LEADS_TO	effect:436d365cb08a
function:cca77f1debf9	HAS_MODE	group:mode_group_0353
mode:59888a5905ff	BELONGS_TO	group:mode_group_0353
cause:37b08cabf237	CAUSES	group:mode_group_0353
cause:37b08cabf237	CAUSES_EFFECT	effect:436d365cb08a
mode:bfe82f71e339	BELONGS_TO	group:mode_group_0353
function:9f05858b9968	HAS_MODE	mode:f10e722fe01a
function:9f05858b9968	HAS_MODE	group:mode_group_0355
mode:f10e722fe01a	LEADS_TO	effect:3be7dd6f84b0
cause:6a8c5f4a7d82	CAUSES	mode:f10e722fe01a
cause:6a8c5f4a7d82	CAUSES_EFFECT	effect:3be7dd6f84b0
mode:1ce21e8ab81c	BELONGS_TO	group:mode_group_0355
cause:2837ec2dfaaf	CAUSES	mode:01124d4612ff
cause:2837ec2dfaaf	CAUSES	group:mode_group_0355
cause:2837ec2dfaaf	CAUSES_EFFECT	effect:60d71c3afa5c
cause:2837ec2dfaaf	CAUSES_EFFECT	effect:37b85019be2a
mode:f0360f989470	BELONGS_TO	group:mode_group_0355
function:646d8d9f671d	HAS_MODE	mode:324efc2a1db8
function:646d8d9f671d	HAS_MODE	mode:01124d4612ff
mode:324efc2a1db8	LEADS_TO	effect:436d365cb08a
mode:324efc2a1db8	LEADS_TO	effect:37b85019be2a
mode:01124d4612ff	LEADS_TO	effect:37b85019be2a
function:50582b2307c1	HAS_MODE	mode:6450705af532
mode:6450705af532	LEADS_TO	effect:3be7dd6f84b0
cause:0ef6ba6a906d	CAUSES	mode:6450705af532
cause:0ef6ba6a906d	CAUSES_EFFECT	effect:3be7dd6f84b0
function:b50883623ac3	HAS_MODE	mode:28386371ee8d
function:b50883623ac3	HAS_MODE	mode:416288d0273c
mode:28386371ee8d	LEADS_TO	effect:436d365cb08a
mode:416288d0273c	LEADS_TO	effect:436d365cb08a
cause:f90a60b4d2ab	CAUSES	mode:416288d0273c
cause:f90a60b4d2ab	CAUSES_EFFECT	effect:436d365cb08a
function:1c79844d86ba	HAS_MODE	mode:d3aafd97b29a
mode:d3aafd97b29a	LEADS_TO	effect:436d365cb08a
mode:d3aafd97b29a	LEADS_TO	effect:37b85019be2a
cause:1abaff54a251	CAUSES	mode:d3aafd97b29a
cause:1abaff54a251	CAUSES_EFFECT	effect:436d365cb08a
cause:1abaff54a251	CAUSES_EFFECT	effect:37b85019be2a
element:520cafc5873d	HAS_FUNCTION	function:ac8ba4b4b0e9
element:520cafc5873d	HAS_FUNCTION	function:118b11fabfe4
element:520cafc5873d	HAS_FUNCTION	function:528d7f2b806f
function:ac8ba4b4b0e9	HAS_MODE	mode:099e605cb82c
mode:099e605cb82c	LEADS_TO	effect:436d365cb08a
cause:15e3e8ec939a	CAUSES	mode:099e605cb82c
cause:15e3e8ec939a	CAUSES	mode:9c6963f2d761
cause:15e3e8ec939a	CAUSES_EFFECT	effect:436d365cb08a
cause:15e3e8ec939a	CAUSES_EFFECT	effect:60d71c3afa5c
function:118b11fabfe4	HAS_MODE	mode:fdff425b38e6
function:118b11fabfe4	HAS_MODE	mode:c1bfed7c10f3
function:118b11fabfe4	HAS_MODE	mode:9c6963f2d761
function:118b11fabfe4	HAS_MODE	group:mode_group_0271
mode:fdff425b38e6	LEADS_TO	group:effect_group_0240
cause:8c53967f59bf	CAUSES	mode:fdff425b38e6
cause:8c53967f59bf	CAUSES	mode:c8c10a60218a
cause:8c53967f59bf	CAUSES_EFFECT	effect:436d365cb08a
cause:8c53967f59bf	CAUSES_EFFECT	group:effect_group_0240
mode:eb75af5e535a	BELONGS_TO	group:mode_group_0271
cause:869a2699820f	CAUSES	mode:fdff425b38e6
cause:869a2699820f	CAUSES	mode:d5b6f2d10f7d
cause:869a2699820f	CAUSES	mode:6c3dc62ffc33
cause:869a2699820f	CAUSES	group:mode_group_0271
cause:869a2699820f	CAUSES_EFFECT	effect:436d365cb08a
cause:869a2699820f	CAUSES_EFFECT	group:effect_group_0240
mode:c1bfed7c10f3	LEADS_TO	effect:436d365cb08a
mode:c1bfed7c10f3	LEADS_TO	effect:60d71c3afa5c
cause:f5ee31a3c53f	BELONGS_TO	group:cause_group_0449
mode:9c6963f2d761	LEADS_TO	effect:436d365cb08a
mode:9c6963f2d761	LEADS_TO	effect:60d71c3afa5c
function:528d7f2b806f	HAS_MODE	mode:c8c10a60218a
mode:c8c10a60218a	LEADS_TO	effect:436d365cb08a
mode:c8c10a60218a	LEADS_TO	group:effect_group_0240
element:0421b8e6cef0	HAS_FUNCTION	function:cd145d6e2ef9
element:0421b8e6cef0	HAS_FUNCTION	function:9c34ebdc76c5
function:cd145d6e2ef9	HAS_MODE	mode:d5b6f2d10f7d
function:cd145d6e2ef9	HAS_MODE	mode:96ea114bb1eb
function:cd145d6e2ef9	HAS_MODE	mode:db795a03d2f7
mode:d5b6f2d10f7d	LEADS_TO	effect:436d365cb08a
mode:96ea114bb1eb	LEADS_TO	effect:436d365cb08a
mode:96ea114bb1eb	LEADS_TO	effect:60d71c3afa5c
cause:f61949d18e15	CAUSES	mode:96ea114bb1eb
cause:f61949d18e15	CAUSES_EFFECT	effect:436d365cb08a
cause:f61949d18e15	CAUSES_EFFECT	effect:60d71c3afa5c
mode:db795a03d2f7	LEADS_TO	effect:60d71c3afa5c
mode:db795a03d2f7	LEADS_TO	group:effect_group_0240
cause:93e3ad43cc39	CAUSES	mode:db795a03d2f7
cause:93e3ad43cc39	CAUSES_EFFECT	effect:60d71c3afa5c
cause:93e3ad43cc39	CAUSES_EFFECT	group:effect_group_0240
function:9c34ebdc76c5	HAS_MODE	mode:6c3dc62ffc33
function:9c34ebdc76c5	HAS_MODE	group:mode_group_0271
mode:6c3dc62ffc33	LEADS_TO	effect:436d365cb08a
mode:6c3dc62ffc33	LEADS_TO	group:effect_group_0240
element:457ad593cac9	HAS_FUNCTION	function:1daf53ab97ff
element:457ad593cac9	HAS_FUNCTION	function:eb7b322ba748
element:457ad593cac9	HAS_FUNCTION	function:3bbf0169d8f3
function:1daf53ab97ff	HAS_MODE	mode:3be05f22fda8
mode:3be05f22fda8	LEADS_TO	effect:436d365cb08a
cause:5cbdd8e7f647	BELONGS_TO	group:cause_group_0201
function:eb7b322ba748	HAS_MODE	mode:3952289cbfa8
function:eb7b322ba748	HAS_MODE	mode:88c3a2e6df61
mode:3952289cbfa8	LEADS_TO	effect:436d365cb08a
mode:3952289cbfa8	LEADS_TO	effect:60d71c3afa5c
mode:88c3a2e6df61	LEADS_TO	group:effect_group_0240
cause:41caf2ae22de	BELONGS_TO	group:cause_group_0201
function:3bbf0169d8f3	HAS_MODE	mode:bdeeb8923b63
function:3bbf0169d8f3	HAS_MODE	mode:f5555dd6da73
function:3bbf0169d8f3	HAS_MODE	mode:bdb547b7147b
mode:bdeeb8923b63	LEADS_TO	group:effect_group_0240
mode:f5555dd6da73	LEADS_TO	group:effect_group_0240
mode:bdb547b7147b	LEADS_TO	effect:60d71c3afa5c
cause:322573ccd06d	CAUSES	mode:bdb547b7147b
cause:322573ccd06d	CAUSES_EFFECT	effect:60d71c3afa5c
effect:c4c034fe6448	BELONGS_TO	group:effect_group_0230
mode:b4f18b120646	BELONGS_TO	group:mode_group_0376
cause:bab485d3774e	CAUSES	group:mode_group_0376
cause:bab485d3774e	CAUSES_EFFECT	effect:4e1fbeacf083
cause:bab485d3774e	CAUSES_EFFECT	effect:7b0faa50ba5d
mode:0a1c1afe25c7	LEADS_TO	effect:89fb421dc4e7
cause:87c24c145f27	CAUSES	mode:0a1c1afe25c7
cause:87c24c145f27	CAUSES_EFFECT	effect:89fb421dc4e7
mode:c5f711bac11c	BELONGS_TO	group:mode_group_0376
mode:6606d719199e	LEADS_TO	effect:61be25cadcf6
cause:bb5d59ab1701	CAUSES	mode:6606d719199e
cause:bb5d59ab1701	CAUSES_EFFECT	effect:61be25cadcf6
mode:dddcf5474a75	LEADS_TO	effect:93d79967bed0
cause:d79dc75ae847	CAUSES	mode:dddcf5474a75
cause:d79dc75ae847	CAUSES_EFFECT	effect:93d79967bed0
mode:d6f93a90b81d	LEADS_TO	effect:10a4581fee72
cause:67603cf85950	CAUSES	mode:d6f93a90b81d
cause:67603cf85950	CAUSES_EFFECT	effect:10a4581fee72
mode:1217c94806c5	BELONGS_TO	group:mode_group_0381
cause:6b7e85c3c530	CAUSES	group:mode_group_0381
cause:6b7e85c3c530	CAUSES_EFFECT	group:effect_group_0032
mode:c1982b76134f	BELONGS_TO	group:mode_regroup_0029
cause:d22c7e18daba	CAUSES	group:mode_regroup_0029
cause:d22c7e18daba	CAUSES_EFFECT	effect:2c9da9086fde
mode:eaf6e763e588	LEADS_TO	effect:ce8b691e37af
cause:092c98494090	CAUSES	mode:eaf6e763e588
cause:092c98494090	CAUSES_EFFECT	effect:ce8b691e37af
mode:e5614689092d	LEADS_TO	group:effect_regroup_0002
cause:0ccc03d22d3f	CAUSES	mode:e5614689092d
cause:0ccc03d22d3f	CAUSES_EFFECT	group:effect_regroup_0002
effect:f5ab7221fc10	BELONGS_TO	group:effect_regroup_0002
mode:22ef473c6b90	BELONGS_TO	group:mode_group_0384
cause:550773e94d5c	CAUSES	group:mode_group_0384
cause:550773e94d5c	CAUSES_EFFECT	group:effect_regroup_0002
cause:550773e94d5c	CAUSES_EFFECT	group:effect_regroup_0048
mode:c0d20ea01a42	LEADS_TO	group:effect_regroup_0002
mode:c0d20ea01a42	LEADS_TO	group:effect_regroup_0018
cause:e5d5940e7d8c	BELONGS_TO	group:cause_regroup_0034
effect:dda06c4b088c	BELONGS_TO	group:effect_regroup_0018
mode:6b90406e0967	BELONGS_TO	group:mode_group_0384
effect:80edd2ef2b3f	BELONGS_TO	group:effect_regroup_0048
mode:de21f4e9f0f0	LEADS_TO	effect:34b27263c412
cause:58509335bb69	CAUSES	mode:de21f4e9f0f0
cause:58509335bb69	CAUSES_EFFECT	effect:34b27263c412
mode:4fc670dce1c2	LEADS_TO	effect:3ed547d48ac0
cause:acb250b3d4b6	CAUSES	mode:4fc670dce1c2
cause:acb250b3d4b6	CAUSES_EFFECT	effect:3ed547d48ac0
mode:e9490663b598	LEADS_TO	group:effect_group_0015
cause:4de36a20261b	BELONGS_TO	group:cause_group_0464
effect:1d4a4603da9f	BELONGS_TO	group:effect_group_0015
cause:be68378934bd	BELONGS_TO	group:cause_group_0464
mode:87b6aec1bc31	LEADS_TO	effect:d9e7d95cb3b9
cause:66eb0bfdcd4f	CAUSES	mode:87b6aec1bc31
cause:66eb0bfdcd4f	CAUSES_EFFECT	effect:d9e7d95cb3b9
mode:86967f0ca609	LEADS_TO	effect:3b8abf804357
cause:4c01a179ce8a	CAUSES	mode:86967f0ca609
cause:4c01a179ce8a	CAUSES_EFFECT	effect:3b8abf804357
mode:b9dcd5cd83c1	LEADS_TO	group:effect_group_0032
cause:c4bcb01def2d	CAUSES	mode:b9dcd5cd83c1
cause:c4bcb01def2d	CAUSES_EFFECT	group:effect_group_0032
mode:6cdbcad96103	LEADS_TO	effect:3ea329942f06
cause:e7a84ea27659	BELONGS_TO	group:cause_group_0059
mode:4248a117bf14	BELONGS_TO	group:mode_group_0030
cause:d19e1d4e53b1	CAUSES	group:mode_group_0030
cause:d19e1d4e53b1	CAUSES_EFFECT	effect:0a8113941d35
cause:5bd6eb923858	CAUSES	group:mode_group_0030
cause:5bd6eb923858	CAUSES_EFFECT	effect:0a8113941d35
mode:6452add41fe7	BELONGS_TO	group:mode_regroup_0001
cause:b7894cf6490e	BELONGS_TO	group:cause_group_0294
mode:69ca1a73acb0	BELONGS_TO	group:mode_group_0227
mode:4c957a430b19	LEADS_TO	effect:9e9a81e3a6a7
cause:5d540d9317ad	CAUSES	mode:4c957a430b19
cause:5d540d9317ad	CAUSES_EFFECT	effect:9e9a81e3a6a7
mode:12b41c761b41	LEADS_TO	effect:d263f40159ed
cause:9aca6db296fc	CAUSES	mode:12b41c761b41
cause:9aca6db296fc	CAUSES_EFFECT	effect:d263f40159ed
mode:b8d0fc7326b6	BELONGS_TO	group:mode_regroup_0042
cause:5417845b523d	CAUSES	mode:73307549f18f
cause:5417845b523d	CAUSES	mode:38d23e45ac19
cause:5417845b523d	CAUSES	group:mode_group_0201
cause:5417845b523d	CAUSES	group:mode_regroup_0042
cause:5417845b523d	CAUSES_EFFECT	group:effect_group_0056
cause:5417845b523d	CAUSES_EFFECT	group:effect_regroup_0002
effect:16aa8c5ff754	BELONGS_TO	group:effect_regroup_0002
mode:9756a067c642	BELONGS_TO	group:mode_group_0201
effect:d7c768ddd12a	BELONGS_TO	group:effect_regroup_0002
effect:0b504b592c8a	BELONGS_TO	group:effect_group_0056
mode:be84c1bf48c2	BELONGS_TO	group:mode_regroup_0021
cause:90e3fa048c94	BELONGS_TO	group:cause_group_0472
mode:7b6e0076d76d	BELONGS_TO	group:mode_group_0201
cause:9a9634110154	BELONGS_TO	group:cause_group_0473
mode:457ec3e55b5a	BELONGS_TO	group:mode_regroup_0042
cause:9ce883eeb9da	CAUSES	group:mode_regroup_0042
cause:9ce883eeb9da	CAUSES_EFFECT	group:effect_regroup_0002
mode:38d23e45ac19	LEADS_TO	group:effect_regroup_0002
effect:268cf06d726e	BELONGS_TO	group:effect_regroup_0002
cause:2374b8cc5602	BELONGS_TO	group:cause_group_0473
mode:4ab9eb624392	LEADS_TO	group:effect_group_0172
cause:8333ad654bae	BELONGS_TO	group:cause_group_0472
effect:927b8b396e6f	BELONGS_TO	group:effect_group_0172
cause:410709cba39c	CAUSES	mode:73307549f18f
cause:410709cba39c	CAUSES	group:mode_regroup_0042
cause:410709cba39c	CAUSES_EFFECT	group:effect_group_0056
cause:410709cba39c	CAUSES_EFFECT	group:effect_regroup_0002
effect:2e804b437c46	BELONGS_TO	group:effect_regroup_0015
mode:31e70d337e30	LEADS_TO	group:effect_group_0177
mode:31e70d337e30	LEADS_TO	group:effect_regroup_0015
effect:e3643a1db574	BELONGS_TO	group:effect_group_0177
mode:41b0d7a8cfaa	LEADS_TO	effect:f468d094b189
cause:988cfe70a9a7	CAUSES	mode:41b0d7a8cfaa
cause:988cfe70a9a7	CAUSES_EFFECT	effect:f468d094b189
cause:ed19c2e76ce9	BELONGS_TO	group:cause_group_0437
mode:cf105b469632	LEADS_TO	group:effect_regroup_0015
cause:613833bd73ca	CAUSES	mode:cf105b469632
cause:613833bd73ca	CAUSES_EFFECT	group:effect_regroup_0015
mode:b50b8a44590f	LEADS_TO	group:effect_regroup_0012
cause:14203d5cf8dd	CAUSES	mode:b50b8a44590f
cause:14203d5cf8dd	CAUSES_EFFECT	group:effect_regroup_0012
effect:b6f06d7ef6e1	BELONGS_TO	group:effect_regroup_0012
mode:13a5c2264161	LEADS_TO	effect:dfd0e82b50f6
cause:9d95a4e79df6	CAUSES	mode:13a5c2264161
cause:9d95a4e79df6	CAUSES_EFFECT	effect:dfd0e82b50f6
mode:4a2a85711150	LEADS_TO	group:effect_group_0177
cause:9bc93c71e5c1	CAUSES	mode:4a2a85711150
cause:9bc93c71e5c1	CAUSES	mode:b51d67836ca1
cause:9bc93c71e5c1	CAUSES	mode:bebaf34df42a
cause:9bc93c71e5c1	CAUSES	mode:a9e393bc87b0
cause:9bc93c71e5c1	CAUSES	mode:88ac15c84e14
cause:9bc93c71e5c1	CAUSES	mode:94d2c182dd9b
cause:9bc93c71e5c1	CAUSES	mode:f2d5fe92856f
cause:9bc93c71e5c1	CAUSES	group:mode_group_0017
cause:9bc93c71e5c1	CAUSES	group:mode_group_0381
cause:9bc93c71e5c1	CAUSES	group:mode_group_0403
cause:9bc93c71e5c1	CAUSES_EFFECT	effect:5e022b5a8d4a
cause:9bc93c71e5c1	CAUSES_EFFECT	effect:9aa97b5a5cfa
cause:9bc93c71e5c1	CAUSES_EFFECT	effect:3ca94c964081
cause:9bc93c71e5c1	CAUSES_EFFECT	effect:268798c9667d
cause:9bc93c71e5c1	CAUSES_EFFECT	effect:9e247c2c25af
cause:9bc93c71e5c1	CAUSES_EFFECT	group:effect_group_0177
cause:9bc93c71e5c1	CAUSES_EFFECT	group:effect_regroup_0015
cause:9bc93c71e5c1	CAUSES_EFFECT	group:effect_regroup_0051
effect:6973d718d4d3	BELONGS_TO	group:effect_group_0177
mode:587f6f0715c9	BELONGS_TO	group:mode_group_0017
effect:8e7482ff86cc	BELONGS_TO	group:effect_group_0177
mode:48d72e81a3f3	LEADS_TO	group:effect_group_0177
cause:aa1b61b51eee	CAUSES	mode:48d72e81a3f3
cause:aa1b61b51eee	CAUSES	mode:f0810dcb6899
cause:aa1b61b51eee	CAUSES	mode:ca63d0bd4909
cause:aa1b61b51eee	CAUSES_EFFECT	effect:5e022b5a8d4a
cause:aa1b61b51eee	CAUSES_EFFECT	group:effect_group_0177
cause:aa1b61b51eee	CAUSES_EFFECT	group:effect_regroup_0011
cause:aa1b61b51eee	CAUSES_EFFECT	group:effect_regroup_0015
cause:aa1b61b51eee	CAUSES_EFFECT	group:effect_regroup_0017
mode:6492bb3f9e0f	LEADS_TO	group:effect_group_0177
cause:00f0cb0361d2	BELONGS_TO	group:cause_group_0481
mode:b51d67836ca1	LEADS_TO	effect:5e022b5a8d4a
mode:f0810dcb6899	LEADS_TO	effect:5e022b5a8d4a
mode:c9c191686748	LEADS_TO	effect:5e022b5a8d4a
mode:e14addcaf58e	BELONGS_TO	group:mode_group_0381
mode:c55a22cd9cd9	BELONGS_TO	group:mode_group_0403
cause:b3897ed8ba22	BELONGS_TO	group:cause_group_0472
effect:a4a7439a4b45	BELONGS_TO	group:effect_regroup_0051
cause:f0c4f1f0e208	CAUSES	group:mode_group_0403
cause:f0c4f1f0e208	CAUSES_EFFECT	effect:30be056d2017
mode:ad912839fa3a	BELONGS_TO	group:mode_group_0404
cause:22f8667b212e	CAUSES	group:mode_group_0404
cause:22f8667b212e	CAUSES_EFFECT	effect:9aa97b5a5cfa
cause:22f8667b212e	CAUSES_EFFECT	effect:3ca94c964081
cause:22f8667b212e	CAUSES_EFFECT	group:effect_regroup_0017
mode:8e5951c9fae6	LEADS_TO	effect:ccb10cb31be7
mode:8e5951c9fae6	LEADS_TO	effect:3ca94c964081
mode:8e5951c9fae6	LEADS_TO	effect:268798c9667d
mode:8e5951c9fae6	LEADS_TO	group:effect_regroup_0015
mode:8e5951c9fae6	LEADS_TO	group:effect_regroup_0017
mode:8e5951c9fae6	LEADS_TO	group:effect_regroup_0048
cause:53359d5162b4	CAUSES	mode:8e5951c9fae6
cause:53359d5162b4	CAUSES_EFFECT	effect:ccb10cb31be7
mode:ca6f25e9f1de	BELONGS_TO	group:mode_group_0381
mode:a3f884a79b0b	BELONGS_TO	group:mode_group_0403
effect:6a2ef43d2aa2	BELONGS_TO	group:effect_regroup_0051
effect:8fdb41b85420	BELONGS_TO	group:effect_regroup_0017
mode:5f3b5fd66861	BELONGS_TO	group:mode_group_0404
cause:49d585bbdd55	CAUSES	group:mode_group_0404
cause:49d585bbdd55	CAUSES_EFFECT	effect:3ca94c964081
cause:49d585bbdd55	CAUSES_EFFECT	effect:268798c9667d
cause:49d585bbdd55	CAUSES_EFFECT	group:effect_regroup_0015
cause:49d585bbdd55	CAUSES_EFFECT	group:effect_regroup_0017
cause:49d585bbdd55	CAUSES_EFFECT	group:effect_regroup_0048
mode:bebaf34df42a	LEADS_TO	effect:3ca94c964081
mode:bebaf34df42a	LEADS_TO	effect:268798c9667d
mode:bebaf34df42a	LEADS_TO	group:effect_regroup_0015
cause:753f36f0cb72	BELONGS_TO	group:cause_group_0485
effect:95d686fed479	BELONGS_TO	group:effect_regroup_0015
effect:446e2b402008	BELONGS_TO	group:effect_regroup_0051
cause:d3c223947bf5	BELONGS_TO	group:cause_group_0485
effect:2c319cf58cc3	BELONGS_TO	group:effect_regroup_0015
cause:d4a98cd8c2cb	BELONGS_TO	group:cause_group_0485
effect:be0c3f907170	BELONGS_TO	group:effect_regroup_0048
mode:ea5cb8ff0abf	LEADS_TO	group:effect_regroup_0048
mode:1c5d5841ab2f	LEADS_TO	group:effect_regroup_0011
mode:1c5d5841ab2f	LEADS_TO	group:effect_regroup_0015
mode:1c5d5841ab2f	LEADS_TO	group:effect_regroup_0017
effect:22b0473e3a48	BELONGS_TO	group:effect_regroup_0011
effect:4754a6663a94	BELONGS_TO	group:effect_regroup_0017
effect:a92dc9719374	BELONGS_TO	group:effect_regroup_0015
mode:1050e519f3ac	LEADS_TO	group:effect_regroup_0011
mode:1050e519f3ac	LEADS_TO	group:effect_regroup_0015
mode:1050e519f3ac	LEADS_TO	group:effect_regroup_0017
cause:347892271d8f	BELONGS_TO	group:cause_group_0481
mode:abf041996ae4	LEADS_TO	group:effect_regroup_0003
effect:45dff090f952	BELONGS_TO	group:effect_regroup_0003
mode:ca63d0bd4909	LEADS_TO	group:effect_regroup_0011
mode:ca63d0bd4909	LEADS_TO	group:effect_regroup_0015
mode:ca63d0bd4909	LEADS_TO	group:effect_regroup_0017
mode:528d5606a7c2	LEADS_TO	group:effect_regroup_0015
cause:ce7298427e7e	CAUSES	mode:528d5606a7c2
cause:ce7298427e7e	CAUSES_EFFECT	group:effect_regroup_0015
mode:a93df282913c	BELONGS_TO	group:mode_group_0413
mode:de5c01216149	BELONGS_TO	group:mode_group_0381
mode:bfe2d0dba153	LEADS_TO	group:effect_regroup_0011
mode:bfe2d0dba153	LEADS_TO	group:effect_regroup_0015
mode:bfe2d0dba153	LEADS_TO	group:effect_regroup_0017
cause:1f5d8b2fe521	BELONGS_TO	group:cause_group_0485
effect:8d72acfcb88d	BELONGS_TO	group:effect_regroup_0017
effect:5b9816fe23de	BELONGS_TO	group:effect_regroup_0011
effect:fde7bd223f8b	BELONGS_TO	group:effect_regroup_0015
mode:40a66e9c64f3	BELONGS_TO	group:mode_group_0413
mode:a9e393bc87b0	LEADS_TO	effect:9e247c2c25af
mode:88ac15c84e14	LEADS_TO	effect:9e247c2c25af
mode:2022ff439a12	LEADS_TO	effect:9e247c2c25af
cause:b8d2910f684f	CAUSES	mode:2022ff439a12
cause:b8d2910f684f	CAUSES_EFFECT	effect:9e247c2c25af
mode:94d2c182dd9b	LEADS_TO	effect:9e247c2c25af
mode:f2d5fe92856f	LEADS_TO	effect:9e247c2c25af
effect:a104ef6c34cc	BELONGS_TO	group:effect_group_0058
mode:3982543fe477	LEADS_TO	effect:1d783f1bafd8
cause:081354cde958	BELONGS_TO	group:cause_group_0411
mode:2659dacc67a3	LEADS_TO	effect:eb978cc034ae
cause:ceb5193d249b	CAUSES	mode:2659dacc67a3
cause:ceb5193d249b	CAUSES_EFFECT	effect:eb978cc034ae
mode:96c5c6ce107e	BELONGS_TO	group:mode_group_0017
cause:846cf6596a8a	BELONGS_TO	group:cause_group_0148
mode:20c81c9c1115	BELONGS_TO	group:mode_group_0017
effect:4ccdc15853bf	BELONGS_TO	group:effect_regroup_0041
mode:7e77fc685299	LEADS_TO	group:effect_group_0269
effect:c0930992b174	BELONGS_TO	group:effect_group_0269
mode:9849547fa7eb	LEADS_TO	group:effect_group_0269
effect:2ce46014f477	BELONGS_TO	group:effect_group_0269
mode:88670055aefb	BELONGS_TO	group:mode_group_0308
cause:ed11493fdc99	CAUSES	group:mode_group_0308
cause:ed11493fdc99	CAUSES_EFFECT	effect:76d50838cccb
mode:3e7df38bdca4	LEADS_TO	effect:45f5800dc5dd
mode:3e7df38bdca4	LEADS_TO	effect:e73fc14f340c
cause:a6cd8bdcd480	CAUSES	mode:3e7df38bdca4
cause:a6cd8bdcd480	CAUSES_EFFECT	effect:45f5800dc5dd
cause:837555ab2dc3	CAUSES	mode:3e7df38bdca4
cause:837555ab2dc3	CAUSES_EFFECT	effect:45f5800dc5dd
cause:e37e9a149be7	CAUSES	mode:3e7df38bdca4
cause:e37e9a149be7	CAUSES_EFFECT	effect:45f5800dc5dd
cause:2c034ed168c1	BELONGS_TO	group:cause_group_0493
mode:64a85e1f2f1d	BELONGS_TO	group:mode_group_0217
cause:9d857cfb01e4	BELONGS_TO	group:cause_group_0072
mode:66290c7874e0	BELONGS_TO	group:mode_group_0217
mode:0dc1162b4c8b	BELONGS_TO	group:mode_group_0039
mode:67cd0fb8324e	BELONGS_TO	group:mode_group_0425
mode:02e468ba7a62	BELONGS_TO	group:mode_group_0425
effect:246090d7ba84	BELONGS_TO	group:effect_group_0184
cause:9a12a76e43f8	BELONGS_TO	group:cause_regroup_0034
mode:f7f6f60ddc7b	BELONGS_TO	group:mode_group_0426
mode:c79b2e5472f6	BELONGS_TO	group:mode_group_0426
mode:03d9f2d5bc1f	LEADS_TO	effect:b5c1ced55634
mode:51904818f0dd	BELONGS_TO	group:mode_group_0017
effect:fac9040a28c7	BELONGS_TO	group:effect_group_0269
mode:1d254454c316	LEADS_TO	effect:adc3c081d360
cause:04fd3e761d5e	CAUSES	mode:1d254454c316
cause:04fd3e761d5e	CAUSES_EFFECT	effect:adc3c081d360
mode:d7d53a72e7fb	LEADS_TO	effect:adc3c081d360
mode:d7d53a72e7fb	LEADS_TO	effect:54e6d5212b70
cause:714c5300c717	CAUSES	mode:d7d53a72e7fb
cause:714c5300c717	CAUSES_EFFECT	effect:adc3c081d360
cause:d9186e2946bb	CAUSES	mode:d7d53a72e7fb
cause:d9186e2946bb	CAUSES_EFFECT	effect:54e6d5212b70
mode:3180a74d5b86	LEADS_TO	effect:ed63993318d4
cause:da79f1ffb975	CAUSES	mode:3180a74d5b86
cause:da79f1ffb975	CAUSES_EFFECT	effect:ed63993318d4
cause:5c892792b5db	CAUSES	mode:3180a74d5b86
cause:5c892792b5db	CAUSES_EFFECT	effect:ed63993318d4
mode:c5d58b1b7a31	LEADS_TO	effect:b8eb511ecf47
mode:dff2e8e0d849	LEADS_TO	group:effect_regroup_0021
effect:c25e8474b284	BELONGS_TO	group:effect_regroup_0021
mode:a422e16aacf6	BELONGS_TO	group:mode_group_0433
cause:c205ec4fde0a	CAUSES	group:mode_group_0433
cause:c205ec4fde0a	CAUSES_EFFECT	effect:72b2e6b63f3e
mode:912f04025afb	BELONGS_TO	group:mode_group_0434
cause:4775ad1384ae	CAUSES	group:mode_group_0434
cause:4775ad1384ae	CAUSES_EFFECT	group:effect_group_0032
effect:829b9d0132ef	BELONGS_TO	group:effect_group_0032
mode:0cd03ee641b8	BELONGS_TO	group:mode_group_0433
cause:2fb6628982a4	BELONGS_TO	group:cause_group_0415
mode:72d5c42f3295	LEADS_TO	effect:2dba37aa21c8
cause:48e57af5c04b	BELONGS_TO	group:cause_group_0499
cause:55b433a6c0dc	BELONGS_TO	group:cause_group_0499
mode:83d5bff47e52	LEADS_TO	effect:2dba37aa21c8
cause:62db6045d8ab	BELONGS_TO	group:cause_regroup_0026
cause:77f81fd3bf0e	BELONGS_TO	group:cause_group_0067
mode:9f8305720c0a	LEADS_TO	effect:67637e118afc
mode:96905ce542da	LEADS_TO	group:effect_group_0286
effect:36a58501261c	BELONGS_TO	group:effect_group_0286
cause:0fe725e1a811	CAUSES	mode:96905ce542da
cause:0fe725e1a811	CAUSES_EFFECT	group:effect_group_0286
mode:34f033c46a6c	LEADS_TO	group:effect_group_0286
cause:87d9d9bb54ab	CAUSES	mode:34f033c46a6c
cause:87d9d9bb54ab	CAUSES_EFFECT	group:effect_group_0286
mode:a1de58d0a4d0	BELONGS_TO	group:mode_group_0434
cause:93589886ae14	BELONGS_TO	group:cause_group_0501
cause:7dcde0296def	BELONGS_TO	group:cause_group_0501
mode:48499be19682	BELONGS_TO	group:mode_group_0438
cause:8d630695ad46	BELONGS_TO	group:cause_group_0502
effect:027d326d0315	BELONGS_TO	group:effect_group_0032
mode:30da238800ca	BELONGS_TO	group:mode_group_0438
cause:f5a7ea24b199	CAUSES	group:mode_group_0438
cause:f5a7ea24b199	CAUSES_EFFECT	group:effect_group_0032
mode:d5f7acd564ea	LEADS_TO	group:effect_group_0032
cause:460339a71400	BELONGS_TO	group:cause_group_0502
mode:ae755f4c142b	LEADS_TO	group:effect_group_0286
cause:0f8947e8652b	CAUSES	mode:ae755f4c142b
cause:0f8947e8652b	CAUSES_EFFECT	group:effect_group_0286
effect:161aa947320f	BELONGS_TO	group:effect_group_0286
mode:b92c27cb1012	LEADS_TO	group:effect_group_0032
cause:ab7d4f305cf2	CAUSES	mode:b92c27cb1012
cause:ab7d4f305cf2	CAUSES_EFFECT	group:effect_group_0032
effect:519a9c200d1e	BELONGS_TO	group:effect_group_0032
cause:118fbc3406c8	CAUSES	mode:b92c27cb1012
cause:118fbc3406c8	CAUSES_EFFECT	group:effect_group_0032
mode:f3fb3e81d25f	LEADS_TO	effect:8cd148831dc4
cause:4d3b3dfc490b	CAUSES	mode:f3fb3e81d25f
cause:4d3b3dfc490b	CAUSES_EFFECT	effect:8cd148831dc4
cause:35ba8f8170d4	CAUSES	mode:f3fb3e81d25f
cause:35ba8f8170d4	CAUSES_EFFECT	effect:8cd148831dc4
cause:0f36e5c04a5d	CAUSES	mode:f3fb3e81d25f
cause:0f36e5c04a5d	CAUSES_EFFECT	effect:8cd148831dc4
mode:f620dc47a5b0	BELONGS_TO	group:mode_group_0442
cause:ada0df803654	CAUSES	group:mode_group_0442
cause:b28077308008	CAUSES	group:mode_group_0442
cause:d5bb33b6b788	CAUSES	group:mode_group_0442
cause:b8ed981c2c1f	BELONGS_TO	group:cause_group_0493
cause:0fdda2ba70de	CAUSES	mode:960b8ffd20ef
cause:7f1458a80033	CAUSES	mode:960b8ffd20ef
cause:09eeea0b1bc1	CAUSES	mode:960b8ffd20ef
mode:f89e547ae1ba	LEADS_TO	effect:e1f0817f95b6
cause:9af1348c0cea	CAUSES	mode:f89e547ae1ba
cause:9af1348c0cea	CAUSES_EFFECT	effect:e1f0817f95b6
cause:5327c34b3203	CAUSES	mode:f89e547ae1ba
cause:5327c34b3203	CAUSES_EFFECT	effect:e1f0817f95b6
cause:f30e5746bfa3	CAUSES	mode:1637bb109118
cause:3ad478decb43	CAUSES	mode:1637bb109118
cause:78254c0dae6e	CAUSES	mode:f0263d965849
cause:5cced21a8696	CAUSES	mode:f0263d965849
mode:32ff7dd21161	BELONGS_TO	group:mode_group_0442
cause:3171a639123b	CAUSES	group:mode_group_0442
cause:3171a639123b	CAUSES_EFFECT	effect:2ed35ddc98f8
mode:9cb053f85aa8	LEADS_TO	effect:f423178f9045
cause:bf47c3d8ae1d	CAUSES	mode:9cb053f85aa8
cause:bf47c3d8ae1d	CAUSES_EFFECT	effect:f423178f9045
cause:7829d0e9ad9f	BELONGS_TO	group:cause_group_0138
cause:ae11281dfda1	CAUSES	mode:b968b5b488d6
cause:257bd212a694	CAUSES	mode:b968b5b488d6
mode:c3bb4e8dac36	BELONGS_TO	group:mode_regroup_0014
cause:f2f9de440cb8	CAUSES	group:mode_regroup_0014
cause:69838a9db2d2	CAUSES	mode:2ed83969b284
cause:02ec9e3c12eb	CAUSES	mode:2ed83969b284
cause:257ea4bb2f01	BELONGS_TO	group:cause_group_0529
cause:7ad56d6a76a8	CAUSES	mode:47dbccd12f43
cause:7eeb4b4867c2	CAUSES	mode:47dbccd12f43
mode:0f4453f4bbb0	LEADS_TO	effect:ba40d2dd228e
cause:e1cde401af0c	CAUSES	mode:0f4453f4bbb0
cause:e1cde401af0c	CAUSES_EFFECT	effect:ba40d2dd228e
cause:89391fb97ab9	CAUSES	mode:0f4453f4bbb0
cause:89391fb97ab9	CAUSES_EFFECT	effect:ba40d2dd228e
mode:a2e23653a06a	BELONGS_TO	group:mode_group_0451
cause:fcd95fc510d4	CAUSES	group:mode_group_0451
cause:fcd95fc510d4	CAUSES_EFFECT	effect:6b73be7431fa
cause:33ed7ab5d3c3	BELONGS_TO	group:cause_group_0534
cause:d2d9ddda2a8d	CAUSES	group:mode_group_0451
cause:d2d9ddda2a8d	CAUSES_EFFECT	effect:6b73be7431fa
cause:d2da81ad73c0	CAUSES	group:mode_group_0451
cause:d2da81ad73c0	CAUSES_EFFECT	effect:6b73be7431fa
cause:41b5b0cca0c4	CAUSES	mode:a9131c4a5494
cause:5b5d4152783d	CAUSES	mode:a9131c4a5494
cause:d07a7bc8a226	CAUSES	mode:a9131c4a5494
cause:cbe48c090406	CAUSES	mode:a9131c4a5494
mode:b846e355aa18	LEADS_TO	effect:19ef3d166f64
cause:ae7d3113fcb8	CAUSES	mode:b846e355aa18
cause:ae7d3113fcb8	CAUSES_EFFECT	effect:19ef3d166f64
cause:26fea0eb09c8	CAUSES	mode:b846e355aa18
cause:26fea0eb09c8	CAUSES_EFFECT	effect:19ef3d166f64
cause:b2ba35a10044	CAUSES	mode:b846e355aa18
cause:b2ba35a10044	CAUSES_EFFECT	effect:19ef3d166f64
cause:607d80d69f04	CAUSES	mode:b846e355aa18
cause:607d80d69f04	CAUSES_EFFECT	effect:19ef3d166f64
mode:1e23647e3c63	LEADS_TO	effect:d6bf8b88c0bd
cause:63057dc2bc3f	CAUSES	mode:1e23647e3c63
cause:63057dc2bc3f	CAUSES_EFFECT	effect:d6bf8b88c0bd
mode:7d30d60c343d	LEADS_TO	effect:0869f4847976
cause:5a1c4c6cedfe	CAUSES	mode:7d30d60c343d
cause:5a1c4c6cedfe	CAUSES_EFFECT	effect:0869f4847976
cause:ffe5a887eb5e	CAUSES	mode:7d30d60c343d
cause:ffe5a887eb5e	CAUSES_EFFECT	effect:0869f4847976
cause:fbcf5422bd1e	CAUSES	mode:7d30d60c343d
cause:fbcf5422bd1e	CAUSES_EFFECT	effect:0869f4847976
cause:084ba3d356a4	CAUSES	mode:e73dc41d37b6
cause:01443f17c426	CAUSES	mode:e73dc41d37b6
mode:6d647b7df421	LEADS_TO	group:effect_group_0011
cause:c68c15a8e6f1	CAUSES	mode:6d647b7df421
cause:c68c15a8e6f1	CAUSES_EFFECT	group:effect_group_0011
effect:31e1b90decee	BELONGS_TO	group:effect_group_0011
cause:8a6ab0ee24d0	CAUSES	mode:6d647b7df421
cause:8a6ab0ee24d0	CAUSES_EFFECT	group:effect_group_0011
cause:8df1ceac7b9b	CAUSES	mode:6d647b7df421
cause:8df1ceac7b9b	CAUSES_EFFECT	group:effect_group_0011
cause:c3e5f89e8a74	CAUSES	mode:6d647b7df421
cause:c3e5f89e8a74	CAUSES_EFFECT	group:effect_group_0011
mode:f24a31e32019	BELONGS_TO	group:mode_group_0239
cause:120575c25383	CAUSES	group:mode_group_0239
cause:120575c25383	CAUSES_EFFECT	effect:eb3b72714761
cause:81a80134c9c7	CAUSES	group:mode_group_0239
cause:81a80134c9c7	CAUSES_EFFECT	effect:eb3b72714761
cause:caa87309dd69	CAUSES	group:mode_group_0239
cause:caa87309dd69	CAUSES_EFFECT	effect:eb3b72714761
cause:6bf06c185789	CAUSES	group:mode_group_0239
cause:6bf06c185789	CAUSES_EFFECT	effect:eb3b72714761
mode:f26e9a1d1cee	LEADS_TO	effect:817cd1cb9850
cause:8639c705515a	CAUSES	mode:f26e9a1d1cee
cause:8639c705515a	CAUSES_EFFECT	effect:817cd1cb9850
cause:318865b79388	CAUSES	mode:f26e9a1d1cee
cause:318865b79388	CAUSES_EFFECT	effect:817cd1cb9850
mode:3315e5ba4a92	BELONGS_TO	group:mode_regroup_0049
cause:783337692141	CAUSES	group:mode_regroup_0049
cause:783337692141	CAUSES_EFFECT	group:effect_regroup_0015
effect:6671be42d5ab	BELONGS_TO	group:effect_regroup_0015
cause:dede0c6021e3	CAUSES	group:mode_regroup_0049
cause:dede0c6021e3	CAUSES_EFFECT	group:effect_regroup_0015
cause:d39a8774b58c	CAUSES	mode:96d32a7b2e77
cause:dee12284f010	CAUSES	mode:96d32a7b2e77
cause:7e6ef51139a8	CAUSES	mode:96d32a7b2e77
cause:a988ba4d1f69	CAUSES	mode:96d32a7b2e77
mode:3997814d34c1	LEADS_TO	effect:d11f0fd0e9af
cause:f47805bfe1af	BELONGS_TO	group:cause_group_0135
cause:122fdbd95e5f	BELONGS_TO	group:cause_group_0529
cause:861f5381d6c8	CAUSES	group:mode_group_0451
cause:861f5381d6c8	CAUSES_EFFECT	effect:f1a64bb26225
cause:242303440bcf	CAUSES	group:mode_group_0451
cause:242303440bcf	CAUSES_EFFECT	effect:f1a64bb26225
cause:8c47ce5db3e8	BELONGS_TO	group:cause_group_0013
mode:0a737e2e411c	LEADS_TO	group:effect_group_0184
cause:4e8f2bb347eb	CAUSES	mode:0a737e2e411c
cause:4e8f2bb347eb	CAUSES_EFFECT	group:effect_group_0184
effect:0d89aa65dee5	BELONGS_TO	group:effect_group_0184
cause:9663642b54b6	CAUSES	mode:0a737e2e411c
cause:9663642b54b6	CAUSES_EFFECT	group:effect_group_0184
cause:585ed203a18d	CAUSES	mode:0a737e2e411c
cause:585ed203a18d	CAUSES_EFFECT	group:effect_group_0184
mode:bd505d4e6104	BELONGS_TO	group:mode_group_0030
cause:202718717159	CAUSES	group:mode_group_0030
cause:202718717159	CAUSES_EFFECT	group:effect_group_0150
effect:c123746775fe	BELONGS_TO	group:effect_group_0150
cause:e94f0c27d86a	CAUSES	group:mode_group_0030
cause:e94f0c27d86a	CAUSES_EFFECT	group:effect_group_0150
mode:cc8b585a135c	BELONGS_TO	group:mode_group_0030
cause:d8e09bbf1fb3	CAUSES	group:mode_group_0030
cause:fdff2e5ee0e7	CAUSES	group:mode_group_0030
cause:433680513852	CAUSES	mode:031f91e3a806
cause:ee2596f096be	CAUSES	mode:031f91e3a806
mode:0fd6d20e5212	LEADS_TO	effect:491391402404
cause:7d5fad01d614	CAUSES	mode:0fd6d20e5212
cause:7d5fad01d614	CAUSES_EFFECT	effect:491391402404
cause:41f16a564dc8	CAUSES	mode:0fd6d20e5212
cause:41f16a564dc8	CAUSES_EFFECT	effect:491391402404
cause:c03ed96dbf8e	CAUSES	mode:0fd6d20e5212
cause:c03ed96dbf8e	CAUSES_EFFECT	effect:491391402404
cause:4d0cc292e837	CAUSES	mode:0fd6d20e5212
cause:4d0cc292e837	CAUSES_EFFECT	effect:491391402404
cause:1f3c22902b20	BELONGS_TO	group:cause_group_0043
cause:8cff91f36e2c	CAUSES	mode:02631ef20a04
cause:4661e6fb9e07	CAUSES	mode:02631ef20a04
cause:c5d003b2dec1	CAUSES	mode:02631ef20a04
mode:7e14c16032ce	LEADS_TO	effect:78a95435602c
cause:d59fab835806	BELONGS_TO	group:cause_group_0584
cause:cc907fe68c94	BELONGS_TO	group:cause_group_0585
cause:4dcb93b9a2d5	CAUSES	mode:7e14c16032ce
cause:4dcb93b9a2d5	CAUSES_EFFECT	effect:78a95435602c
cause:381d8f41f0b8	CAUSES	mode:7e14c16032ce
cause:381d8f41f0b8	CAUSES_EFFECT	effect:78a95435602c
cause:361424deaf88	CAUSES	mode:e4f50b027263
cause:2e7a5d0a5879	CAUSES	mode:e4f50b027263
cause:12da12787357	CAUSES	mode:e4f50b027263
cause:73f98996359f	CAUSES	mode:e4f50b027263
cause:4484f8eb47ec	CAUSES	mode:002a48ade3c0
cause:31001adae9f4	CAUSES	mode:002a48ade3c0
cause:f47da7a9384f	CAUSES	mode:002a48ade3c0
cause:0deee3c968f6	CAUSES	mode:98cd6a4edb52
cause:d2a83364e9b6	CAUSES	mode:98cd6a4edb52
cause:eba5542f80b8	CAUSES	mode:98cd6a4edb52
cause:4d7170845eb0	CAUSES	mode:98cd6a4edb52
cause:5c2185bf1ef8	BELONGS_TO	group:cause_group_0386
cause:4e074a4ebf7d	CAUSES	mode:35f4023b3d02
cause:bd19f1b78802	BELONGS_TO	group:cause_group_0386
cause:2e8d900e7458	BELONGS_TO	group:cause_group_0584
cause:a3b0628c8cf9	BELONGS_TO	group:cause_group_0585
cause:d61c41ced58a	CAUSES	mode:11a38f6214c5
cause:dd406e4c4aef	CAUSES	mode:11a38f6214c5
mode:3239009a0413	BELONGS_TO	group:mode_group_0039
cause:00e61174e982	CAUSES	group:mode_group_0039
cause:057511c77296	BELONGS_TO	group:cause_group_0323
cause:1e1234085992	CAUSES	mode:6c5ee174d932
cause:ab401af4a9ae	CAUSES	mode:6c5ee174d932
cause:7e16f074948f	CAUSES	mode:6c5ee174d932
mode:8da0b25f8f38	BELONGS_TO	group:mode_group_0015
cause:3cbb08dd3ea0	CAUSES	group:mode_group_0015
cause:3cbb08dd3ea0	CAUSES_EFFECT	effect:a1d32f1b05ef
mode:d4abda8ef7f1	LEADS_TO	effect:c524125011ad
cause:173ac8be0b1d	CAUSES	mode:d4abda8ef7f1
cause:173ac8be0b1d	CAUSES_EFFECT	effect:c524125011ad
cause:4cb9f1550c41	CAUSES	mode:d4abda8ef7f1
cause:4cb9f1550c41	CAUSES_EFFECT	effect:c524125011ad
cause:83ecf4f7f25d	CAUSES	mode:d4abda8ef7f1
cause:83ecf4f7f25d	CAUSES_EFFECT	effect:c524125011ad
mode:fd442c0e2493	LEADS_TO	effect:258c5bb9e1d1
cause:8cd4bab1fbd5	CAUSES	mode:fd442c0e2493
cause:8cd4bab1fbd5	CAUSES_EFFECT	effect:258c5bb9e1d1
cause:451315aee1e2	CAUSES	mode:fd442c0e2493
cause:451315aee1e2	CAUSES_EFFECT	effect:258c5bb9e1d1
cause:2fee389db2b2	CAUSES	mode:fd442c0e2493
cause:2fee389db2b2	CAUSES_EFFECT	effect:258c5bb9e1d1
cause:c630b07784c3	CAUSES	mode:fd442c0e2493
cause:c630b07784c3	CAUSES_EFFECT	effect:258c5bb9e1d1
mode:eef7489e1a4b	LEADS_TO	group:effect_regroup_0002
cause:0ab028701e99	CAUSES	mode:eef7489e1a4b
cause:0ab028701e99	CAUSES_EFFECT	group:effect_regroup_0002
effect:a7b159d4e2d5	BELONGS_TO	group:effect_regroup_0002
cause:116264f634cf	CAUSES	mode:eef7489e1a4b
cause:116264f634cf	CAUSES_EFFECT	group:effect_regroup_0002
cause:c02aff3bdb54	CAUSES	mode:eef7489e1a4b
cause:c02aff3bdb54	CAUSES_EFFECT	group:effect_regroup_0002
cause:53a155dc1ae7	CAUSES	mode:eef7489e1a4b
cause:53a155dc1ae7	CAUSES_EFFECT	group:effect_regroup_0002
mode:8a5f4d8784be	LEADS_TO	effect:bd5fcfced1aa
cause:e4405856e6c3	CAUSES	mode:8a5f4d8784be
cause:e4405856e6c3	CAUSES_EFFECT	effect:bd5fcfced1aa
cause:ca7bb8aebc48	CAUSES	mode:8a5f4d8784be
cause:ca7bb8aebc48	CAUSES_EFFECT	effect:bd5fcfced1aa
cause:99b138094161	CAUSES	mode:8a5f4d8784be
cause:99b138094161	CAUSES_EFFECT	effect:bd5fcfced1aa
cause:626a6f78eedc	CAUSES	mode:8a5f4d8784be
cause:626a6f78eedc	CAUSES_EFFECT	effect:bd5fcfced1aa
cause:b89e99541e8b	CAUSES	mode:22c3484edf5d
cause:3a8f352324d1	CAUSES	mode:22c3484edf5d
cause:db2283cf461f	CAUSES	mode:fd6090d0a170
mode:82d3148c08d7	BELONGS_TO	group:mode_regroup_0049
cause:22085355b224	CAUSES	group:mode_regroup_0049
cause:22085355b224	CAUSES_EFFECT	effect:e2109be3c24a
cause:006300262c69	CAUSES	group:mode_regroup_0049
cause:006300262c69	CAUSES_EFFECT	effect:e2109be3c24a
cause:bad6e201438c	CAUSES	group:mode_regroup_0049
cause:bad6e201438c	CAUSES_EFFECT	effect:e2109be3c24a
mode:9e702d7d56f3	LEADS_TO	effect:215f8060c4eb
cause:dd2ca3785b1e	CAUSES	mode:9e702d7d56f3
cause:dd2ca3785b1e	CAUSES_EFFECT	effect:215f8060c4eb
cause:edff8b64b466	CAUSES	mode:9e702d7d56f3
cause:edff8b64b466	CAUSES_EFFECT	effect:215f8060c4eb
cause:13f8e9341c1f	CAUSES	mode:9e702d7d56f3
cause:13f8e9341c1f	CAUSES_EFFECT	effect:215f8060c4eb
mode:fb27a25377e7	BELONGS_TO	group:mode_group_0015
cause:cd3ea1db63c2	CAUSES	group:mode_group_0015
mode:cde45892ab7c	LEADS_TO	effect:cb2f3eced3c6
cause:51ec16618c35	CAUSES	mode:cde45892ab7c
cause:51ec16618c35	CAUSES_EFFECT	effect:cb2f3eced3c6
cause:cbc4b4b820cb	CAUSES	mode:cde45892ab7c
cause:cbc4b4b820cb	CAUSES_EFFECT	effect:cb2f3eced3c6
cause:152aadb85e69	CAUSES	mode:cde45892ab7c
cause:152aadb85e69	CAUSES_EFFECT	effect:cb2f3eced3c6
mode:2b69def5431d	BELONGS_TO	group:mode_group_0478
cause:5fd3191f4c08	BELONGS_TO	group:cause_group_0634
cause:fdff425b38e6	CAUSES	group:mode_group_0478
cause:8d7c2c837a00	CAUSES	group:mode_group_0478
mode:729313908f43	BELONGS_TO	group:mode_group_0478
cause:fdc93496fdcb	BELONGS_TO	group:cause_group_0634
cause:f7099621e42b	CAUSES	group:mode_group_0478
cause:f7099621e42b	CAUSES_EFFECT	effect:57e5929e3d53
cause:b471eaf391ef	CAUSES	group:mode_group_0478
cause:b471eaf391ef	CAUSES_EFFECT	effect:57e5929e3d53
mode:7feaba390150	BELONGS_TO	group:mode_group_0017
cause:705f9ef86b0d	CAUSES	group:mode_group_0017
cause:e496fd997171	CAUSES	group:mode_group_0017
cause:e05c9358ae1b	CAUSES	group:mode_group_0017
cause:1bd3860211c3	CAUSES	group:mode_group_0017
cause:70d764a2e830	CAUSES	mode:53c8f5dc675a
cause:c46ca7114dda	CAUSES	mode:53c8f5dc675a
cause:9fe3dabe14f1	CAUSES	mode:53c8f5dc675a
cause:daf2d4f170a6	BELONGS_TO	group:cause_group_0646
cause:0112d0c9cebf	CAUSES	mode:05d8615560a5
cause:b6544591555f	CAUSES	mode:05d8615560a5
cause:bfcc0470cb29	CAUSES	mode:05d8615560a5
mode:c0380f8e57a0	LEADS_TO	effect:bf7cf19d1642
cause:2d3f5e88556d	CAUSES	mode:c0380f8e57a0
cause:2d3f5e88556d	CAUSES_EFFECT	effect:bf7cf19d1642
cause:6203e52617de	CAUSES	mode:83ae9a2d6c20
cause:39f882668801	CAUSES	mode:83ae9a2d6c20
mode:2fe9f9cd9365	LEADS_TO	effect:059fe058a3c2
cause:7a2d2ede5cd2	BELONGS_TO	group:cause_group_0653
cause:6ef0d3f8600c	BELONGS_TO	group:cause_group_0653
mode:58745db5b47a	BELONGS_TO	group:mode_group_0030
cause:25397dc65d88	CAUSES	group:mode_group_0030
cause:25397dc65d88	CAUSES_EFFECT	effect:05d6630f59cf
cause:aed7ebb76a67	CAUSES	group:mode_group_0030
cause:aed7ebb76a67	CAUSES_EFFECT	effect:05d6630f59cf
cause:2a5ec98a15e0	CAUSES	group:mode_group_0030
cause:2a5ec98a15e0	CAUSES_EFFECT	effect:05d6630f59cf
cause:53df82e08ead	CAUSES	mode:7dad6c8bbb1b
cause:2205be972ab8	CAUSES	mode:7dad6c8bbb1b
cause:588e8b766bdf	BELONGS_TO	group:cause_group_0659
cause:6ea40eb223fc	BELONGS_TO	group:cause_group_0659
cause:72a0c9390bd4	CAUSES	mode:e773aa799d0f
mode:b8873fbe2826	BELONGS_TO	group:mode_group_0188
cause:228a9b1759ab	CAUSES	group:mode_group_0188
cause:228a9b1759ab	CAUSES_EFFECT	effect:76a116954fc1
cause:7753059dd047	CAUSES	group:mode_group_0188
cause:7753059dd047	CAUSES_EFFECT	effect:76a116954fc1
cause:70e7aa488274	CAUSES	group:mode_group_0188
cause:70e7aa488274	CAUSES_EFFECT	effect:76a116954fc1
cause:84099d468c6d	CAUSES	mode:017748670da0
cause:54f70d13c0ef	CAUSES	mode:017748670da0
mode:3fb93b89ca69	LEADS_TO	effect:4cc04057ff73
cause:e75669ae367e	CAUSES	mode:3fb93b89ca69
cause:e75669ae367e	CAUSES_EFFECT	effect:4cc04057ff73
cause:36d4b5362a97	CAUSES	mode:3fb93b89ca69
cause:36d4b5362a97	CAUSES_EFFECT	effect:4cc04057ff73
cause:99f1ea0528c1	CAUSES	mode:3fb93b89ca69
cause:99f1ea0528c1	CAUSES_EFFECT	effect:4cc04057ff73
cause:419a3cedc90a	CAUSES	mode:3fb93b89ca69
cause:419a3cedc90a	CAUSES_EFFECT	effect:4cc04057ff73
cause:0aa0aca9bf7c	CAUSES	mode:0b7616b1f68c
cause:20aed7bb764f	CAUSES	mode:0b7616b1f68c
mode:bf87a768e694	LEADS_TO	effect:15b803b277d7
cause:c55567f4739e	CAUSES	mode:bf87a768e694
cause:c55567f4739e	CAUSES_EFFECT	effect:15b803b277d7
cause:af7212d385fb	CAUSES	mode:bf87a768e694
cause:af7212d385fb	CAUSES_EFFECT	effect:15b803b277d7
cause:edbdb4e4a004	CAUSES	mode:1e2f4213fea6
cause:0751a4db46b9	CAUSES	mode:1e2f4213fea6
mode:57cb376aafc2	LEADS_TO	effect:d64230559b6e
cause:732cf5bb3890	CAUSES	mode:57cb376aafc2
cause:732cf5bb3890	CAUSES_EFFECT	effect:d64230559b6e
cause:71cbc29ff995	CAUSES	mode:57cb376aafc2
cause:71cbc29ff995	CAUSES_EFFECT	effect:d64230559b6e
cause:0241ae23d2e2	CAUSES	mode:57cb376aafc2
cause:0241ae23d2e2	CAUSES_EFFECT	effect:d64230559b6e
cause:7cc0fec6496e	CAUSES	mode:57cb376aafc2
cause:7cc0fec6496e	CAUSES_EFFECT	effect:d64230559b6e
mode:682633aab38b	LEADS_TO	effect:4d8faec19b8f
cause:9e0207d45bcb	CAUSES	mode:682633aab38b
cause:9e0207d45bcb	CAUSES_EFFECT	effect:4d8faec19b8f
cause:c6ce251d4aad	CAUSES	mode:682633aab38b
cause:c6ce251d4aad	CAUSES_EFFECT	effect:4d8faec19b8f
cause:ba986e68d3f5	CAUSES	mode:682633aab38b
cause:ba986e68d3f5	CAUSES_EFFECT	effect:4d8faec19b8f
mode:d607e04a35fd	BELONGS_TO	group:mode_group_0442
cause:1f256d254983	CAUSES	group:mode_group_0442
cause:349bc2802bdc	CAUSES	group:mode_group_0442
cause:353c759909e9	BELONGS_TO	group:cause_group_0634
cause:b52272f83a65	CAUSES	group:mode_group_0442
cause:b52272f83a65	CAUSES_EFFECT	effect:3a6cd9622b66
cause:c9d3ebf755ab	CAUSES	group:mode_group_0442
cause:c9d3ebf755ab	CAUSES_EFFECT	effect:3a6cd9622b66
cause:97c6cff1909f	CAUSES	group:mode_group_0442
cause:97c6cff1909f	CAUSES_EFFECT	effect:3a6cd9622b66
cause:2df95d03d470	CAUSES	mode:fc40fdf3e2e2
cause:de907813f401	CAUSES	mode:fc40fdf3e2e2
cause:f56f3367a1dd	CAUSES	mode:fc40fdf3e2e2
cause:7362e9c346e5	CAUSES	mode:3f1567e3374f
cause:d68110db6e73	CAUSES	mode:3f1567e3374f
cause:72f7d74921c1	CAUSES	mode:3f1567e3374f
cause:adf36e61febc	CAUSES	mode:3f1567e3374f
mode:f6155e742203	LEADS_TO	effect:4a613088b71f
cause:4dcfaff1ecb8	CAUSES	mode:f6155e742203
cause:4dcfaff1ecb8	CAUSES_EFFECT	effect:4a613088b71f
cause:a281aafc6339	CAUSES	mode:f6155e742203
cause:a281aafc6339	CAUSES_EFFECT	effect:4a613088b71f
cause:f14f3cd9fab7	CAUSES	mode:f6155e742203
cause:f14f3cd9fab7	CAUSES_EFFECT	effect:4a613088b71f
cause:8eab6dbb9aef	CAUSES	mode:f6155e742203
cause:8eab6dbb9aef	CAUSES_EFFECT	effect:4a613088b71f
cause:91bbd40bd9fa	CAUSES	mode:a01a58c02847
cause:d1149169fd25	BELONGS_TO	group:cause_group_0288
cause:1c3eb96ed850	CAUSES	mode:8cf5a947a66c
cause:bf51d976c098	CAUSES	mode:8cf5a947a66c
cause:29e16db78860	CAUSES	mode:a1c7f5815f67
mode:21553beb1caf	LEADS_TO	effect:4842ec0a77ec
cause:9caaf30dd15e	CAUSES	mode:21553beb1caf
cause:9caaf30dd15e	CAUSES_EFFECT	effect:4842ec0a77ec
cause:3a9e27328fd1	CAUSES	mode:21553beb1caf
cause:3a9e27328fd1	CAUSES_EFFECT	effect:4842ec0a77ec
mode:939e52b1082f	LEADS_TO	effect:4faefc05e46b
cause:941c42ca6257	CAUSES	mode:939e52b1082f
cause:941c42ca6257	CAUSES_EFFECT	effect:4faefc05e46b
cause:fa154b475fd8	CAUSES	mode:939e52b1082f
cause:fa154b475fd8	CAUSES_EFFECT	effect:4faefc05e46b
cause:809f22b60c15	CAUSES	mode:939e52b1082f
cause:809f22b60c15	CAUSES_EFFECT	effect:4faefc05e46b
mode:841f7e32b7f2	BELONGS_TO	group:mode_group_0017
cause:ef04b42e888c	CAUSES	group:mode_group_0017
cause:9374a4a941d4	CAUSES	group:mode_group_0017
cause:dcbf7b198089	CAUSES	group:mode_group_0017
cause:4acbdfaec6fd	CAUSES	group:mode_group_0017
cause:fd88eddf1043	CAUSES	mode:98f280830005
cause:991c280b271e	CAUSES	mode:98f280830005
cause:b29357b81c24	CAUSES	mode:98f280830005
cause:05834d0ed171	BELONGS_TO	group:cause_group_0659
cause:a20e13376a95	CAUSES	mode:6dda02a3b1e3
cause:a10e008298b3	CAUSES	mode:dc0367e61cc5
cause:291f7d67b8c6	CAUSES	mode:dc0367e61cc5
cause:fe209144dc42	CAUSES	mode:dc0367e61cc5
cause:4dd71a08d07f	CAUSES	mode:dc0367e61cc5
mode:caafae52a95e	BELONGS_TO	group:mode_group_0083
cause:51e52b591db0	CAUSES	group:mode_group_0083
cause:42acfd6ea8b1	CAUSES	group:mode_group_0083
cause:d9a9759e310c	BELONGS_TO	group:cause_group_0030
cause:42347dcb3b92	CAUSES	mode:f5021b9f6532
cause:42347dcb3b92	CAUSES_EFFECT	effect:91ccd57d848b
cause:43490498cdf7	CAUSES	mode:f5021b9f6532
cause:43490498cdf7	CAUSES_EFFECT	effect:91ccd57d848b
cause:74e240255a01	CAUSES	mode:f5021b9f6532
cause:74e240255a01	CAUSES_EFFECT	effect:91ccd57d848b
cause:bbddd284f699	BELONGS_TO	group:cause_regroup_0017
cause:e4636fe04b0c	BELONGS_TO	group:cause_group_0449
cause:98840098e8ed	CAUSES	mode:c9794b94f2b4
cause:4db0a0c659cb	CAUSES	mode:c9794b94f2b4
cause:985a6656994f	CAUSES	mode:c9794b94f2b4
cause:bba82c94c3d6	CAUSES	mode:0e524b561e50
cause:84b488cc705f	CAUSES	mode:0e524b561e50
cause:f047f9a37958	CAUSES	mode:0e524b561e50
mode:b5b4d127f65c	BELONGS_TO	group:mode_group_0451
cause:0b176130fc93	CAUSES	group:mode_group_0451
cause:880362636ad6	CAUSES	group:mode_group_0451
mode:8db036d53c4b	LEADS_TO	effect:c95b39607d33
cause:a87080f0a89f	CAUSES	mode:8db036d53c4b
cause:a87080f0a89f	CAUSES_EFFECT	effect:c95b39607d33
cause:e246ce4ebac6	CAUSES	mode:8db036d53c4b
cause:e246ce4ebac6	CAUSES_EFFECT	effect:c95b39607d33
cause:5efa2ea16543	CAUSES	mode:8db036d53c4b
cause:5efa2ea16543	CAUSES_EFFECT	effect:c95b39607d33
cause:628b5ff98a5e	CAUSES	mode:8db036d53c4b
cause:628b5ff98a5e	CAUSES_EFFECT	effect:c95b39607d33
cause:ac3d85db0a29	CAUSES	mode:b44bef50464e
cause:8c7a8a08e4c0	CAUSES	mode:b44bef50464e
cause:96c3ade1542a	CAUSES	mode:b44bef50464e
cause:9df8e684e288	CAUSES	mode:b44bef50464e
cause:b486356430ee	CAUSES	mode:1aab588b8f06
cause:48fe514c4236	CAUSES	mode:1aab588b8f06
cause:4c672619fe01	BELONGS_TO	group:cause_group_0386
cause:8d98eed4c91f	CAUSES	mode:1aab588b8f06
mode:7b307e7eab36	LEADS_TO	effect:fb62aa9b390e
cause:3ae6294f034b	CAUSES	mode:7b307e7eab36
cause:3ae6294f034b	CAUSES_EFFECT	effect:fb62aa9b390e
cause:7dbe9f4e67d1	CAUSES	mode:7b307e7eab36
cause:7dbe9f4e67d1	CAUSES_EFFECT	effect:fb62aa9b390e
cause:1a904f4a61aa	CAUSES	mode:7b307e7eab36
cause:1a904f4a61aa	CAUSES_EFFECT	effect:fb62aa9b390e
cause:c2afd88dac73	CAUSES	mode:7b307e7eab36
cause:c2afd88dac73	CAUSES_EFFECT	effect:fb62aa9b390e
mode:092902c3960f	LEADS_TO	effect:e7c46d0b061d
cause:bbaaec7892d9	CAUSES	mode:092902c3960f
cause:bbaaec7892d9	CAUSES_EFFECT	effect:e7c46d0b061d
cause:2c12f538829c	CAUSES	mode:092902c3960f
cause:2c12f538829c	CAUSES_EFFECT	effect:e7c46d0b061d
cause:ab7f548a11e0	CAUSES	mode:092902c3960f
cause:ab7f548a11e0	CAUSES_EFFECT	effect:e7c46d0b061d
cause:9d4d1a020196	CAUSES	mode:a7c77cfd5b04
cause:68358c8323b3	CAUSES	mode:a7c77cfd5b04
cause:a949458efd82	CAUSES	mode:a7c77cfd5b04
mode:13d21b02d50a	LEADS_TO	effect:f86149b07993
cause:1fc8000a465d	CAUSES	mode:13d21b02d50a
cause:1fc8000a465d	CAUSES_EFFECT	effect:f86149b07993
cause:3bb4a340f717	CAUSES	mode:13d21b02d50a
cause:3bb4a340f717	CAUSES_EFFECT	effect:f86149b07993
cause:980ac6e57658	CAUSES	mode:13d21b02d50a
cause:980ac6e57658	CAUSES_EFFECT	effect:f86149b07993
cause:6d160f224c38	CAUSES	mode:13d21b02d50a
cause:6d160f224c38	CAUSES_EFFECT	effect:f86149b07993
mode:20271490a90f	BELONGS_TO	group:mode_group_0515
cause:d1a03d8472dc	CAUSES	group:mode_group_0515
mode:e77c7c36189a	BELONGS_TO	group:mode_group_0272
cause:8526d98518ed	CAUSES	group:mode_group_0272
cause:8060d8e3b289	CAUSES	group:mode_group_0272
cause:ced57d4c65b5	CAUSES	group:mode_group_0272
cause:9e162afa488c	CAUSES	group:mode_group_0272
mode:355f2e861cc2	LEADS_TO	group:effect_group_0091
cause:cf36666d89a4	CAUSES	mode:355f2e861cc2
cause:cf36666d89a4	CAUSES_EFFECT	group:effect_group_0091
effect:08fe0db7adee	BELONGS_TO	group:effect_group_0091
cause:a2d0bbaa38ae	CAUSES	mode:355f2e861cc2
cause:a2d0bbaa38ae	CAUSES_EFFECT	group:effect_group_0091
cause:19b0e1471981	CAUSES	mode:355f2e861cc2
cause:19b0e1471981	CAUSES_EFFECT	group:effect_group_0091
cause:fde35b5cfd30	CAUSES	mode:355f2e861cc2
cause:fde35b5cfd30	CAUSES_EFFECT	group:effect_group_0091
mode:d2de3ee217b6	BELONGS_TO	group:mode_regroup_0034
cause:39fe755b0a4f	CAUSES	group:mode_regroup_0034
cause:811ec6fce89b	CAUSES	group:mode_regroup_0034
mode:897dc6431530	LEADS_TO	effect:8e198eab7665
cause:a1eab22b013d	CAUSES	mode:897dc6431530
cause:a1eab22b013d	CAUSES_EFFECT	effect:8e198eab7665
cause:0a3249312176	CAUSES	mode:897dc6431530
cause:0a3249312176	CAUSES_EFFECT	effect:8e198eab7665
cause:a890f441aca2	CAUSES	mode:897dc6431530
cause:a890f441aca2	CAUSES_EFFECT	effect:8e198eab7665
cause:e63a5d69c39b	CAUSES	mode:df6fdf45a9c3
cause:9febf7ce1d9a	CAUSES	mode:df6fdf45a9c3
cause:ee04d2285311	BELONGS_TO	group:cause_group_0646
mode:b66fd52f705b	LEADS_TO	effect:8401a75d2cd6
cause:13374ecf2928	CAUSES	mode:b66fd52f705b
cause:13374ecf2928	CAUSES_EFFECT	effect:8401a75d2cd6
cause:06c9b44513a0	CAUSES	mode:b66fd52f705b
cause:06c9b44513a0	CAUSES_EFFECT	effect:8401a75d2cd6
cause:4afdfae7dfe7	CAUSES	mode:b66fd52f705b
cause:4afdfae7dfe7	CAUSES_EFFECT	effect:8401a75d2cd6
cause:9e4ec01c273a	CAUSES	mode:b66fd52f705b
cause:9e4ec01c273a	CAUSES_EFFECT	effect:8401a75d2cd6
mode:684e866eb76b	BELONGS_TO	group:mode_group_0515
cause:c96964dc62f2	CAUSES	group:mode_group_0515
cause:6f0a18c6c828	CAUSES	group:mode_group_0515
cause:363610a99ae5	CAUSES	group:mode_group_0515
cause:15e620fe263a	CAUSES	group:mode_group_0515
cause:38196137dcf1	CAUSES	group:mode_group_0515
cause:cf13a5d3de84	CAUSES	group:mode_group_0515
cause:05e8db1f0a8f	CAUSES	group:mode_group_0515
cause:d3ef7062fc70	CAUSES	group:mode_group_0515
mode:149e16a47d6e	LEADS_TO	effect:32d77916eaa2
cause:7db0b269c3a6	CAUSES	mode:149e16a47d6e
cause:7db0b269c3a6	CAUSES_EFFECT	effect:32d77916eaa2
cause:4783a759e942	CAUSES	mode:149e16a47d6e
cause:4783a759e942	CAUSES_EFFECT	effect:32d77916eaa2
cause:e7c4e3c2e628	CAUSES	mode:149e16a47d6e
cause:e7c4e3c2e628	CAUSES_EFFECT	effect:32d77916eaa2
cause:c9c12ecf7ef4	CAUSES	mode:149e16a47d6e
cause:c9c12ecf7ef4	CAUSES_EFFECT	effect:32d77916eaa2
mode:656754e2ee80	LEADS_TO	effect:0dd85d4870b8
cause:d295ef8274a0	CAUSES	mode:656754e2ee80
cause:d295ef8274a0	CAUSES_EFFECT	effect:0dd85d4870b8
cause:da8690eb5cc4	CAUSES	mode:656754e2ee80
cause:da8690eb5cc4	CAUSES_EFFECT	effect:0dd85d4870b8
mode:1d0d18bbf0ec	LEADS_TO	effect:a073e1cb72b1
cause:bddb1ad91f5b	CAUSES	mode:1d0d18bbf0ec
cause:bddb1ad91f5b	CAUSES_EFFECT	effect:a073e1cb72b1
cause:514352be8728	CAUSES	mode:95a08a964e13
cause:721657767d5e	CAUSES	mode:95a08a964e13
mode:d2768289e454	LEADS_TO	effect:ea4d493bcbdf
cause:3e6747b9b427	CAUSES	mode:d2768289e454
cause:3e6747b9b427	CAUSES_EFFECT	effect:ea4d493bcbdf
cause:5ac308a69884	CAUSES	mode:d2768289e454
cause:5ac308a69884	CAUSES_EFFECT	effect:ea4d493bcbdf
cause:941424830033	CAUSES	mode:d2768289e454
cause:941424830033	CAUSES_EFFECT	effect:ea4d493bcbdf
cause:c30b56d66981	CAUSES	mode:d2768289e454
cause:c30b56d66981	CAUSES_EFFECT	effect:ea4d493bcbdf
cause:c7628ceeb258	CAUSES	mode:cbb456963e07
cause:4cb2d80ed48b	CAUSES	mode:cbb456963e07
cause:88cf748aa8b3	CAUSES	mode:cbb456963e07
cause:60557ed4f617	CAUSES	mode:cbb456963e07
mode:989cfb39abc9	LEADS_TO	effect:6161b963f512
cause:554462161caa	CAUSES	mode:989cfb39abc9
cause:554462161caa	CAUSES_EFFECT	effect:6161b963f512
cause:32f33c50d499	CAUSES	mode:989cfb39abc9
cause:32f33c50d499	CAUSES_EFFECT	effect:6161b963f512
mode:edcbcf34db3e	BELONGS_TO	group:mode_regroup_0002
cause:6ddb54bc2675	CAUSES	group:mode_regroup_0002
cause:6ddb54bc2675	CAUSES_EFFECT	effect:df41e1991405
cause:c4046ee0c52e	CAUSES	group:mode_regroup_0002
cause:c4046ee0c52e	CAUSES_EFFECT	effect:df41e1991405
cause:b16a54a03160	CAUSES	group:mode_regroup_0002
cause:b16a54a03160	CAUSES_EFFECT	effect:df41e1991405
cause:baa6fbfbe592	CAUSES	group:mode_regroup_0002
cause:baa6fbfbe592	CAUSES_EFFECT	effect:df41e1991405
mode:7edeec2665f5	LEADS_TO	effect:f0bcd9bd7db8
cause:8db427077caa	CAUSES	mode:7edeec2665f5
cause:8db427077caa	CAUSES_EFFECT	effect:f0bcd9bd7db8
cause:36e43cb76df8	CAUSES	mode:7edeec2665f5
cause:36e43cb76df8	CAUSES_EFFECT	effect:f0bcd9bd7db8
cause:3a3de3f80362	CAUSES	mode:7edeec2665f5
cause:3a3de3f80362	CAUSES_EFFECT	effect:f0bcd9bd7db8
cause:fd3241d39386	CAUSES	mode:7edeec2665f5
cause:fd3241d39386	CAUSES_EFFECT	effect:f0bcd9bd7db8
cause:8a8d004e3ef0	CAUSES	mode:1bdd9a400019
cause:ee66a44222d2	CAUSES	mode:1bdd9a400019
cause:a443f62f9ab9	CAUSES	mode:1bdd9a400019
cause:1fbba2b6b226	CAUSES	mode:b41cc6f0d664
cause:0db4ed580a6a	CAUSES	mode:b41cc6f0d664
cause:8019b97d489c	CAUSES	mode:cc770fc0fd83
cause:fc8fcf2b5a41	CAUSES	mode:cc770fc0fd83
cause:75be8f748196	CAUSES	mode:cc770fc0fd83
cause:f99afb69101e	CAUSES	mode:cc770fc0fd83
cause:9ffd21a6843f	CAUSES	mode:704361314548
mode:d3144bedcf71	BELONGS_TO	group:mode_group_0451
cause:fbf93e5339bd	CAUSES	group:mode_group_0451
cause:3563cc7d57b4	CAUSES	group:mode_group_0451
mode:73e2693ed2ea	LEADS_TO	effect:c818d02ae615
cause:297bab04d376	BELONGS_TO	group:cause_group_0820
cause:c975e1e5368e	BELONGS_TO	group:cause_group_0820
mode:5f9064082ac7	LEADS_TO	effect:bd405c917f98
cause:6143093b47ce	BELONGS_TO	group:cause_group_0534
cause:ed4b94863b0e	CAUSES	mode:5f9064082ac7
cause:ed4b94863b0e	CAUSES_EFFECT	effect:bd405c917f98
mode:e9dcc6178f84	LEADS_TO	effect:f757632c95f8
cause:eb015f212897	CAUSES	mode:e9dcc6178f84
cause:eb015f212897	CAUSES_EFFECT	effect:f757632c95f8
cause:a3f583ebd658	CAUSES	mode:e9dcc6178f84
cause:a3f583ebd658	CAUSES_EFFECT	effect:f757632c95f8
cause:81297e96eeca	CAUSES	mode:4762b28245d0
cause:ef5bde225a9e	CAUSES	mode:4762b28245d0
cause:87fc8a92e9d6	CAUSES	mode:4762b28245d0
cause:1ce3e8302708	CAUSES	mode:4762b28245d0
mode:2d330136c884	BELONGS_TO	group:mode_group_0093
cause:102ee82cad36	CAUSES	group:mode_group_0093
cause:4747d19cbbcc	CAUSES	group:mode_group_0093
group:mode_group_0017	LEADS_TO	effect:064abcb712e2
group:mode_group_0017	LEADS_TO	effect:bd219d2f21c1
group:mode_group_0017	LEADS_TO	effect:d9efbe5e0430
group:mode_group_0017	LEADS_TO	group:effect_group_0177
group:mode_group_0017	LEADS_TO	group:effect_group_0269
group:mode_group_0017	LEADS_TO	group:effect_regroup_0005
group:mode_group_0017	LEADS_TO	group:effect_regroup_0041
group:mode_group_0030	LEADS_TO	effect:0a8113941d35
group:mode_group_0030	LEADS_TO	effect:05d6630f59cf
group:mode_group_0030	LEADS_TO	group:effect_group_0011
group:mode_group_0030	LEADS_TO	group:effect_group_0150
group:mode_group_0030	LEADS_TO	group:effect_regroup_0012
group:mode_group_0201	LEADS_TO	group:effect_regroup_0002
group:mode_group_0201	LEADS_TO	group:effect_regroup_0015
group:mode_group_0039	LEADS_TO	effect:05495559660c
group:mode_group_0039	LEADS_TO	effect:1edeb9cf1cdc
group:mode_group_0039	LEADS_TO	effect:04a3f4df8457
group:mode_group_0039	LEADS_TO	group:effect_group_0018
group:mode_group_0039	LEADS_TO	group:effect_regroup_0002
group:mode_group_0404	LEADS_TO	effect:9aa97b5a5cfa
group:mode_group_0404	LEADS_TO	effect:3ca94c964081
group:mode_group_0404	LEADS_TO	effect:268798c9667d
group:mode_group_0404	LEADS_TO	group:effect_regroup_0015
group:mode_group_0404	LEADS_TO	group:effect_regroup_0017
group:mode_group_0404	LEADS_TO	group:effect_regroup_0048
group:mode_group_0056	LEADS_TO	group:effect_group_0003
group:mode_group_0056	LEADS_TO	group:effect_group_0150
group:mode_group_0451	LEADS_TO	effect:6b73be7431fa
group:mode_group_0451	LEADS_TO	effect:f1a64bb26225
group:mode_group_0442	LEADS_TO	effect:2ed35ddc98f8
group:mode_group_0442	LEADS_TO	effect:3a6cd9622b66
group:mode_group_0093	LEADS_TO	effect:b9ae67245b7c
group:mode_group_0093	LEADS_TO	effect:d151a1ec6d49
group:mode_group_0093	LEADS_TO	effect:83cca8d4bf2e
group:mode_group_0093	LEADS_TO	group:effect_regroup_0002
group:mode_group_0093	LEADS_TO	group:effect_regroup_0020
group:mode_group_0094	LEADS_TO	effect:b9ae67245b7c
group:mode_group_0094	LEADS_TO	effect:2f776b20b188
group:mode_group_0214	LEADS_TO	effect:932a6ec9975b
group:mode_group_0214	LEADS_TO	group:effect_group_0003
group:mode_group_0083	LEADS_TO	effect:fe4f4c07d6fd
group:mode_group_0083	LEADS_TO	effect:b072d0dfecbe
group:mode_group_0083	LEADS_TO	group:effect_group_0172
group:mode_group_0020	LEADS_TO	effect:bd219d2f21c1
group:mode_group_0020	LEADS_TO	group:effect_group_0011
group:mode_group_0020	LEADS_TO	group:effect_group_0156
group:mode_group_0200	LEADS_TO	effect:3bcaa4e2de36
group:mode_group_0200	LEADS_TO	effect:21c5e17e5b12
group:mode_group_0200	LEADS_TO	group:effect_group_0032
group:mode_group_0200	LEADS_TO	group:effect_regroup_0015
group:mode_group_0232	LEADS_TO	effect:da2407a8b844
group:mode_group_0232	LEADS_TO	effect:61add68f4552
group:mode_group_0232	LEADS_TO	effect:9a7436227ce4
group:mode_group_0232	LEADS_TO	effect:067918f4d4a7
group:mode_group_0232	LEADS_TO	group:effect_regroup_0015
group:mode_group_0015	LEADS_TO	effect:bc3af1deda29
group:mode_group_0015	LEADS_TO	effect:a1d32f1b05ef
group:mode_group_0015	LEADS_TO	group:effect_group_0011
group:mode_group_0015	LEADS_TO	group:effect_regroup_0022
group:mode_group_0049	LEADS_TO	effect:ff737685d237
group:mode_group_0049	LEADS_TO	effect:4c711e799726
group:mode_group_0051	LEADS_TO	group:effect_group_0003
group:mode_group_0239	LEADS_TO	effect:eb3b72714761
group:mode_group_0272	LEADS_TO	group:effect_group_0032
group:mode_group_0381	LEADS_TO	effect:9aa97b5a5cfa
group:mode_group_0381	LEADS_TO	effect:3ca94c964081
group:mode_group_0381	LEADS_TO	effect:268798c9667d
group:mode_group_0381	LEADS_TO	group:effect_group_0032
group:mode_group_0381	LEADS_TO	group:effect_regroup_0015
group:mode_group_0413	LEADS_TO	group:effect_regroup_0011
group:mode_group_0413	LEADS_TO	group:effect_regroup_0015
group:mode_group_0413	LEADS_TO	group:effect_regroup_0017
group:mode_group_0478	LEADS_TO	effect:57e5929e3d53
group:mode_group_0105	LEADS_TO	effect:d6f0561d76e2
group:mode_group_0105	LEADS_TO	group:effect_group_0172
group:mode_group_0105	LEADS_TO	group:effect_group_0150
group:mode_group_0105	LEADS_TO	group:effect_regroup_0033
group:mode_group_0185	LEADS_TO	effect:0bc16dc9d7df
group:mode_group_0185	LEADS_TO	effect:d6bb97a90c7b
group:mode_group_0185	LEADS_TO	effect:eb47801dafbc
group:mode_group_0185	LEADS_TO	effect:d536cafe7a44
group:mode_group_0188	LEADS_TO	effect:eb47801dafbc
group:mode_group_0188	LEADS_TO	effect:40edb0b66dd5
group:mode_group_0188	LEADS_TO	effect:76a116954fc1
group:mode_group_0217	LEADS_TO	effect:5c0af1530412
group:mode_group_0217	LEADS_TO	effect:0e344f895e52
group:mode_group_0217	LEADS_TO	effect:2eb03eb2dbb0
group:mode_group_0217	LEADS_TO	effect:3d017dd6bdaa
group:mode_group_0217	LEADS_TO	effect:58822fa3759e
group:mode_group_0271	LEADS_TO	group:effect_group_0032
group:mode_group_0271	LEADS_TO	group:effect_group_0240
group:mode_group_0275	LEADS_TO	effect:9a7436227ce4
group:mode_group_0275	LEADS_TO	effect:6a963b496240
group:mode_group_0275	LEADS_TO	effect:d252bde92ac5
group:mode_group_0275	LEADS_TO	group:effect_regroup_0012
group:mode_group_0347	LEADS_TO	effect:5438e36e6b32
group:mode_group_0347	LEADS_TO	effect:ecd2ea7f1d0b
group:mode_group_0347	LEADS_TO	effect:a0ebdbc9a210
group:mode_group_0347	LEADS_TO	group:effect_regroup_0046
group:mode_group_0403	LEADS_TO	effect:30be056d2017
group:mode_group_0403	LEADS_TO	group:effect_regroup_0051
group:mode_group_0018	LEADS_TO	effect:bd219d2f21c1
group:mode_group_0018	LEADS_TO	group:effect_group_0011
group:mode_group_0035	LEADS_TO	effect:40668984eb01
group:mode_group_0048	LEADS_TO	effect:eca13056359f
group:mode_group_0168	LEADS_TO	group:effect_regroup_0024
group:mode_group_0194	LEADS_TO	group:effect_group_0032
group:mode_group_0254	LEADS_TO	effect:fe4f4c07d6fd
group:mode_group_0254	LEADS_TO	group:effect_group_0172
group:mode_group_0254	LEADS_TO	group:effect_regroup_0033
group:mode_group_0376	LEADS_TO	effect:4e1fbeacf083
group:mode_group_0376	LEADS_TO	effect:7b0faa50ba5d
group:mode_group_0040	LEADS_TO	group:effect_group_0177
group:mode_group_0040	LEADS_TO	group:effect_group_0018
group:mode_group_0053	LEADS_TO	group:effect_group_0003
group:mode_group_0101	LEADS_TO	group:effect_group_0003
group:mode_group_0101	LEADS_TO	group:effect_regroup_0007
group:mode_group_0101	LEADS_TO	group:effect_regroup_0012
group:mode_group_0167	LEADS_TO	effect:bd9800f18409
group:mode_group_0167	LEADS_TO	group:effect_group_0103
group:mode_group_0169	LEADS_TO	effect:a4fa48818223
group:mode_group_0169	LEADS_TO	effect:25647088e2fb
group:mode_group_0169	LEADS_TO	effect:894dbaf7670f
group:mode_group_0253	LEADS_TO	effect:f495e344ca3f
group:mode_group_0253	LEADS_TO	effect:bff2fce5ad73
group:mode_group_0308	LEADS_TO	effect:76d50838cccb
group:mode_group_0308	LEADS_TO	group:effect_group_0214
group:mode_group_0308	LEADS_TO	group:effect_regroup_0040
group:mode_group_0425	LEADS_TO	effect:b30c674730fb
group:mode_group_0425	LEADS_TO	group:effect_group_0184
group:mode_group_0426	LEADS_TO	effect:04a3f4df8457
group:mode_group_0426	LEADS_TO	effect:b5c1ced55634
group:mode_group_0002	LEADS_TO	effect:465e66a8fb85
group:mode_group_0002	LEADS_TO	group:effect_group_0091
group:mode_group_0037	LEADS_TO	effect:267390e05d11
group:mode_group_0037	LEADS_TO	group:effect_group_0019
group:mode_group_0060	LEADS_TO	effect:db143483996e
group:mode_group_0060	LEADS_TO	effect:498815cf7101
group:mode_group_0118	LEADS_TO	effect:63fe0049a6bd
group:mode_group_0118	LEADS_TO	group:effect_regroup_0015
group:mode_group_0149	LEADS_TO	group:effect_regroup_0003
group:mode_group_0149	LEADS_TO	group:effect_regroup_0020
group:mode_group_0174	LEADS_TO	effect:06a0581c5c3e
group:mode_group_0183	LEADS_TO	effect:901cf7615ba3
group:mode_group_0192	LEADS_TO	group:effect_group_0003
group:mode_group_0192	LEADS_TO	group:effect_group_0032
group:mode_group_0202	LEADS_TO	effect:83692d19a264
group:mode_group_0225	LEADS_TO	effect:6ff50d50d2de
group:mode_group_0225	LEADS_TO	group:effect_regroup_0002
group:mode_group_0227	LEADS_TO	effect:fcd5f4ed00d4
group:mode_group_0227	LEADS_TO	group:effect_regroup_0002
group:mode_group_0230	LEADS_TO	effect:bf44bf9b8698
group:mode_group_0230	LEADS_TO	group:effect_regroup_0002
group:mode_group_0241	LEADS_TO	group:effect_group_0164
group:mode_group_0279	LEADS_TO	group:effect_group_0177
group:mode_group_0323	LEADS_TO	effect:48fdefa7871c
group:mode_group_0323	LEADS_TO	effect:dc568a03b8e7
group:mode_group_0329	LEADS_TO	effect:d513d3ef6134
group:mode_group_0329	LEADS_TO	effect:5b458c1361d6
group:mode_group_0353	LEADS_TO	effect:436d365cb08a
group:mode_group_0355	LEADS_TO	effect:60d71c3afa5c
group:mode_group_0384	LEADS_TO	group:effect_regroup_0002
group:mode_group_0384	LEADS_TO	group:effect_regroup_0048
group:mode_group_0433	LEADS_TO	effect:72b2e6b63f3e
group:mode_group_0434	LEADS_TO	group:effect_group_0032
group:mode_group_0434	LEADS_TO	group:effect_group_0286
group:mode_group_0438	LEADS_TO	group:effect_group_0032
group:mode_regroup_0001	LEADS_TO	effect:53d80fbb9ce2
group:mode_regroup_0001	LEADS_TO	effect:2837af838030
group:mode_regroup_0001	LEADS_TO	effect:a933f0c08013
group:mode_regroup_0001	LEADS_TO	group:effect_group_0015
group:mode_regroup_0002	LEADS_TO	effect:cdb7954f9525
group:mode_regroup_0002	LEADS_TO	effect:db5a33c53a42
group:mode_regroup_0002	LEADS_TO	effect:df41e1991405
group:mode_regroup_0003	LEADS_TO	effect:064abcb712e2
group:mode_regroup_0003	LEADS_TO	effect:bd219d2f21c1
group:mode_regroup_0003	LEADS_TO	effect:d72371052aff
group:mode_regroup_0003	LEADS_TO	effect:7d104cde7f7b
group:mode_regroup_0003	LEADS_TO	group:effect_group_0032
group:mode_regroup_0003	LEADS_TO	group:effect_regroup_0040
group:mode_regroup_0003	LEADS_TO	group:effect_regroup_0043
group:mode_regroup_0007	LEADS_TO	group:effect_group_0032
group:mode_regroup_0007	LEADS_TO	group:effect_regroup_0011
group:mode_regroup_0009	LEADS_TO	group:effect_group_0154
group:mode_regroup_0009	LEADS_TO	group:effect_regroup_0006
group:mode_regroup_0009	LEADS_TO	group:effect_regroup_0010
group:mode_regroup_0009	LEADS_TO	group:effect_regroup_0015
group:mode_regroup_0010	LEADS_TO	effect:30a99f2ed766
group:mode_regroup_0010	LEADS_TO	group:effect_group_0056
group:mode_regroup_0010	LEADS_TO	group:effect_group_0077
group:mode_regroup_0012	LEADS_TO	effect:8aafd1f1b0f9
group:mode_regroup_0013	LEADS_TO	effect:3ed28e6c170b
group:mode_regroup_0013	LEADS_TO	group:effect_regroup_0012
group:mode_regroup_0014	LEADS_TO	group:effect_regroup_0011
group:mode_regroup_0019	LEADS_TO	effect:37dea9eff5c7
group:mode_regroup_0019	LEADS_TO	group:effect_regroup_0001
group:mode_regroup_0021	LEADS_TO	effect:34bd7a1b82ea
group:mode_regroup_0021	LEADS_TO	effect:67bcfdc8f4dd
group:mode_regroup_0021	LEADS_TO	group:effect_regroup_0002
group:mode_regroup_0021	LEADS_TO	group:effect_regroup_0012
group:mode_regroup_0023	LEADS_TO	group:effect_group_0003
group:mode_regroup_0023	LEADS_TO	group:effect_group_0154
group:mode_regroup_0023	LEADS_TO	group:effect_regroup_0007
group:mode_regroup_0024	LEADS_TO	group:effect_regroup_0002
group:mode_regroup_0027	LEADS_TO	effect:b5152bdb7f0a
group:mode_regroup_0027	LEADS_TO	group:effect_group_0231
group:mode_regroup_0028	LEADS_TO	group:effect_group_0231
group:mode_regroup_0028	LEADS_TO	group:effect_regroup_0031
group:mode_regroup_0029	LEADS_TO	effect:2c9da9086fde
group:mode_regroup_0029	LEADS_TO	group:effect_regroup_0033
group:mode_regroup_0032	LEADS_TO	group:effect_group_0177
group:mode_regroup_0032	LEADS_TO	group:effect_regroup_0040
group:mode_regroup_0034	LEADS_TO	group:effect_group_0225
group:mode_regroup_0035	LEADS_TO	group:effect_group_0231
group:mode_regroup_0036	LEADS_TO	group:effect_group_0003
group:mode_regroup_0042	LEADS_TO	group:effect_regroup_0002
group:mode_regroup_0049	LEADS_TO	effect:e2109be3c24a
group:mode_regroup_0049	LEADS_TO	group:effect_regroup_0015
group:cause_group_0321	CAUSES	mode:dc398ece0fc4
group:cause_group_0321	CAUSES	mode:4b32dbd8b9f2
group:cause_group_0321	CAUSES	mode:bf46234f13cf
group:cause_group_0321	CAUSES	mode:efbfc4f13c55
group:cause_group_0321	CAUSES	mode:db452669d2eb
group:cause_group_0321	CAUSES	mode:e254ab4242e5
group:cause_group_0321	CAUSES	mode:949a4987001d
group:cause_group_0321	CAUSES	mode:9c7aed6272c6
group:cause_group_0321	CAUSES	mode:f27c46451699
group:cause_group_0321	CAUSES	mode:73307549f18f
group:cause_group_0321	CAUSES	mode:ed4ee2835957
group:cause_group_0321	CAUSES	mode:fa83aa20b244
group:cause_group_0321	CAUSES	mode:7ed558b387ee
group:cause_group_0321	CAUSES	mode:d044a362e8e3
group:cause_group_0321	CAUSES	mode:9c86e7ba063b
group:cause_group_0321	CAUSES	mode:d9251907d1dc
group:cause_group_0321	CAUSES	mode:b8ac296427a7
group:cause_group_0321	CAUSES	group:mode_group_0279
group:cause_group_0321	CAUSES	group:mode_regroup_0009
group:cause_group_0321	CAUSES	group:mode_regroup_0021
group:cause_group_0321	CAUSES_EFFECT	effect:fe4f4c07d6fd
group:cause_group_0321	CAUSES_EFFECT	effect:eacec107c7bb
group:cause_group_0321	CAUSES_EFFECT	effect:67464b942bc3
group:cause_group_0321	CAUSES_EFFECT	effect:67bcfdc8f4dd
group:cause_group_0321	CAUSES_EFFECT	effect:6b06bb8f5481
group:cause_group_0321	CAUSES_EFFECT	effect:d8db5decfe56
group:cause_group_0321	CAUSES_EFFECT	effect:b88bb40a9562
group:cause_group_0321	CAUSES_EFFECT	effect:1ae82044d371
group:cause_group_0321	CAUSES_EFFECT	effect:36266dee6643
group:cause_group_0321	CAUSES_EFFECT	effect:f6ce236e18a9
group:cause_group_0321	CAUSES_EFFECT	group:effect_group_0003
group:cause_group_0321	CAUSES_EFFECT	group:effect_group_0177
group:cause_group_0321	CAUSES_EFFECT	group:effect_group_0172
group:cause_group_0321	CAUSES_EFFECT	group:effect_group_0150
group:cause_group_0321	CAUSES_EFFECT	group:effect_regroup_0002
group:cause_group_0321	CAUSES_EFFECT	group:effect_regroup_0005
group:cause_group_0321	CAUSES_EFFECT	group:effect_regroup_0015
group:cause_group_0059	CAUSES	mode:3318e92f16b9
group:cause_group_0059	CAUSES	mode:83c34da7e349
group:cause_group_0059	CAUSES	mode:511a0d70309c
group:cause_group_0059	CAUSES	mode:445904e8a03c
group:cause_group_0059	CAUSES	mode:aa6ddc47a94e
group:cause_group_0059	CAUSES	mode:6cdbcad96103
group:cause_group_0059	CAUSES_EFFECT	effect:b3a1b98ea7e1
group:cause_group_0059	CAUSES_EFFECT	effect:3ea329942f06
group:cause_group_0059	CAUSES_EFFECT	group:effect_group_0142
group:cause_group_0059	CAUSES_EFFECT	group:effect_regroup_0002
group:cause_group_0059	CAUSES_EFFECT	group:effect_regroup_0003
group:cause_group_0059	CAUSES_EFFECT	group:effect_regroup_0016
group:cause_group_0059	CAUSES_EFFECT	group:effect_regroup_0021
group:cause_group_0072	CAUSES	mode:8eaf04c19d2c
group:cause_group_0072	CAUSES	mode:8765600d0910
group:cause_group_0072	CAUSES	mode:846cf6596a8a
group:cause_group_0072	CAUSES	mode:dc398ece0fc4
group:cause_group_0072	CAUSES	mode:ed4ee2835957
group:cause_group_0072	CAUSES	mode:2659dacc67a3
group:cause_group_0072	CAUSES	mode:03d9f2d5bc1f
group:cause_group_0072	CAUSES	mode:dff2e8e0d849
group:cause_group_0072	CAUSES	group:mode_group_0017
group:cause_group_0072	CAUSES	group:mode_group_0039
group:cause_group_0072	CAUSES	group:mode_group_0083
group:cause_group_0072	CAUSES	group:mode_group_0217
group:cause_group_0072	CAUSES	group:mode_group_0425
group:cause_group_0072	CAUSES	group:mode_group_0426
group:cause_group_0072	CAUSES	group:mode_group_0060
group:cause_group_0072	CAUSES	group:mode_regroup_0010
group:cause_group_0072	CAUSES_EFFECT	effect:db143483996e
group:cause_group_0072	CAUSES_EFFECT	effect:498815cf7101
group:cause_group_0072	CAUSES_EFFECT	effect:5c0af1530412
group:cause_group_0072	CAUSES_EFFECT	effect:b072d0dfecbe
group:cause_group_0072	CAUSES_EFFECT	effect:d8db5decfe56
group:cause_group_0072	CAUSES_EFFECT	effect:eb978cc034ae
group:cause_group_0072	CAUSES_EFFECT	effect:d9efbe5e0430
group:cause_group_0072	CAUSES_EFFECT	effect:2eb03eb2dbb0
group:cause_group_0072	CAUSES_EFFECT	effect:3d017dd6bdaa
group:cause_group_0072	CAUSES_EFFECT	effect:58822fa3759e
group:cause_group_0072	CAUSES_EFFECT	effect:04a3f4df8457
group:cause_group_0072	CAUSES_EFFECT	effect:b30c674730fb
group:cause_group_0072	CAUSES_EFFECT	effect:b5c1ced55634
group:cause_group_0072	CAUSES_EFFECT	group:effect_group_0184
group:cause_group_0072	CAUSES_EFFECT	group:effect_group_0154
group:cause_group_0072	CAUSES_EFFECT	group:effect_group_0269
group:cause_group_0072	CAUSES_EFFECT	group:effect_group_0077
group:cause_group_0072	CAUSES_EFFECT	group:effect_regroup_0002
group:cause_group_0072	CAUSES_EFFECT	group:effect_regroup_0006
group:cause_group_0072	CAUSES_EFFECT	group:effect_regroup_0021
group:cause_group_0072	CAUSES_EFFECT	group:effect_regroup_0041
group:cause_group_0010	CAUSES	mode:34bd575d8889
group:cause_group_0010	CAUSES	mode:4a0c88033399
group:cause_group_0010	CAUSES	group:mode_group_0094
group:cause_group_0010	CAUSES	group:mode_group_0015
group:cause_group_0010	CAUSES	group:mode_group_0168
group:cause_group_0010	CAUSES	group:mode_group_0167
group:cause_group_0010	CAUSES	group:mode_group_0169
group:cause_group_0010	CAUSES	group:mode_regroup_0036
group:cause_group_0010	CAUSES_EFFECT	effect:b9ae67245b7c
group:cause_group_0010	CAUSES_EFFECT	effect:bd9800f18409
group:cause_group_0010	CAUSES_EFFECT	effect:a4fa48818223
group:cause_group_0010	CAUSES_EFFECT	effect:25647088e2fb
group:cause_group_0010	CAUSES_EFFECT	effect:894dbaf7670f
group:cause_group_0010	CAUSES_EFFECT	group:effect_group_0003
group:cause_group_0010	CAUSES_EFFECT	group:effect_group_0011
group:cause_group_0010	CAUSES_EFFECT	group:effect_group_0150
group:cause_group_0010	CAUSES_EFFECT	group:effect_group_0103
group:cause_group_0010	CAUSES_EFFECT	group:effect_regroup_0003
group:cause_group_0010	CAUSES_EFFECT	group:effect_regroup_0024
group:cause_group_0485	CAUSES	mode:8e5951c9fae6
group:cause_group_0485	CAUSES	mode:ea5cb8ff0abf
group:cause_group_0485	CAUSES	mode:1c5d5841ab2f
group:cause_group_0485	CAUSES	mode:abf041996ae4
group:cause_group_0485	CAUSES	mode:bfe2d0dba153
group:cause_group_0485	CAUSES	group:mode_group_0404
group:cause_group_0485	CAUSES_EFFECT	effect:9aa97b5a5cfa
group:cause_group_0485	CAUSES_EFFECT	effect:3ca94c964081
group:cause_group_0485	CAUSES_EFFECT	effect:268798c9667d
group:cause_group_0485	CAUSES_EFFECT	group:effect_regroup_0003
group:cause_group_0485	CAUSES_EFFECT	group:effect_regroup_0011
group:cause_group_0485	CAUSES_EFFECT	group:effect_regroup_0015
group:cause_group_0485	CAUSES_EFFECT	group:effect_regroup_0017
group:cause_group_0485	CAUSES_EFFECT	group:effect_regroup_0048
group:cause_group_0054	CAUSES	mode:361320883d41
group:cause_group_0054	CAUSES	mode:2a42ac0db640
group:cause_group_0054	CAUSES	mode:94d3c5451249
group:cause_group_0054	CAUSES	mode:495268e38da0
group:cause_group_0054	CAUSES	mode:9c5286392a75
group:cause_group_0054	CAUSES	mode:3b5ba865ef00
group:cause_group_0054	CAUSES	mode:7c334879dd2c
group:cause_group_0054	CAUSES	mode:2f2beffb889b
group:cause_group_0054	CAUSES	mode:bf7ebbfbd3be
group:cause_group_0054	CAUSES	mode:445904e8a03c
group:cause_group_0054	CAUSES	mode:5a0ae0e9787e
group:cause_group_0054	CAUSES	mode:3ddeca121b42
group:cause_group_0054	CAUSES	mode:a821455c1630
group:cause_group_0054	CAUSES	group:mode_group_0056
group:cause_group_0054	CAUSES	group:mode_regroup_0003
group:cause_group_0054	CAUSES_EFFECT	effect:d9d1e695f1ba
group:cause_group_0054	CAUSES_EFFECT	effect:7d104cde7f7b
group:cause_group_0054	CAUSES_EFFECT	effect:161d45fdf2a7
group:cause_group_0054	CAUSES_EFFECT	effect:aed37cd3df82
group:cause_group_0054	CAUSES_EFFECT	effect:e939b14d1c3a
group:cause_group_0054	CAUSES_EFFECT	effect:d4cf5c4c43a0
group:cause_group_0054	CAUSES_EFFECT	effect:69344d418980
group:cause_group_0054	CAUSES_EFFECT	group:effect_group_0003
group:cause_group_0054	CAUSES_EFFECT	group:effect_regroup_0002
group:cause_group_0054	CAUSES_EFFECT	group:effect_regroup_0020
group:cause_group_0415	CAUSES	mode:1be4a6c1fc68
group:cause_group_0415	CAUSES	mode:4b8b51b6d425
group:cause_group_0415	CAUSES	group:mode_group_0433
group:cause_group_0415	CAUSES	group:mode_regroup_0036
group:cause_group_0415	CAUSES_EFFECT	effect:72b2e6b63f3e
group:cause_group_0415	CAUSES_EFFECT	group:effect_group_0003
group:cause_group_0415	CAUSES_EFFECT	group:effect_group_0231
group:cause_group_0415	CAUSES_EFFECT	group:effect_group_0230
group:cause_group_0201	CAUSES	mode:3be05f22fda8
group:cause_group_0201	CAUSES	mode:3952289cbfa8
group:cause_group_0201	CAUSES	mode:88c3a2e6df61
group:cause_group_0201	CAUSES	mode:bdeeb8923b63
group:cause_group_0201	CAUSES	mode:f5555dd6da73
group:cause_group_0201	CAUSES_EFFECT	effect:436d365cb08a
group:cause_group_0201	CAUSES_EFFECT	effect:60d71c3afa5c
group:cause_group_0201	CAUSES_EFFECT	group:effect_group_0240
group:cause_group_0481	CAUSES	mode:6492bb3f9e0f
group:cause_group_0481	CAUSES	mode:c9c191686748
group:cause_group_0481	CAUSES	mode:1050e519f3ac
group:cause_group_0481	CAUSES	group:mode_group_0413
group:cause_group_0481	CAUSES_EFFECT	effect:5e022b5a8d4a
group:cause_group_0481	CAUSES_EFFECT	group:effect_group_0177
group:cause_group_0481	CAUSES_EFFECT	group:effect_regroup_0011
group:cause_group_0481	CAUSES_EFFECT	group:effect_regroup_0015
group:cause_group_0481	CAUSES_EFFECT	group:effect_regroup_0017
group:cause_group_0043	CAUSES	mode:d6494a23fcab
group:cause_group_0043	CAUSES	mode:2dd249bfb986
group:cause_group_0043	CAUSES	mode:02631ef20a04
group:cause_group_0043	CAUSES	group:mode_group_0039
group:cause_group_0043	CAUSES	group:mode_group_0200
group:cause_group_0043	CAUSES	group:mode_group_0272
group:cause_group_0043	CAUSES	group:mode_group_0271
group:cause_group_0043	CAUSES	group:mode_regroup_0032
group:cause_group_0043	CAUSES_EFFECT	effect:eca13056359f
group:cause_group_0043	CAUSES_EFFECT	effect:679a69349833
group:cause_group_0043	CAUSES_EFFECT	effect:21c5e17e5b12
group:cause_group_0043	CAUSES_EFFECT	group:effect_group_0032
group:cause_group_0043	CAUSES_EFFECT	group:effect_group_0018
group:cause_group_0043	CAUSES_EFFECT	group:effect_regroup_0002
group:cause_group_0043	CAUSES_EFFECT	group:effect_regroup_0040
group:cause_group_0105	CAUSES	group:mode_group_0094
group:cause_group_0105	CAUSES	group:mode_regroup_0012
group:cause_group_0105	CAUSES	group:mode_regroup_0014
group:cause_group_0105	CAUSES_EFFECT	effect:b9ae67245b7c
group:cause_group_0105	CAUSES_EFFECT	effect:8aafd1f1b0f9
group:cause_group_0105	CAUSES_EFFECT	group:effect_regroup_0011
group:cause_group_0062	CAUSES	mode:d85c4ef85d54
group:cause_group_0062	CAUSES	mode:69ccaec4e476
group:cause_group_0062	CAUSES	group:mode_group_0051
group:cause_group_0062	CAUSES_EFFECT	effect:61373bef8d18
group:cause_group_0062	CAUSES_EFFECT	group:effect_group_0003
group:cause_group_0148	CAUSES	mode:846cf6596a8a
group:cause_group_0148	CAUSES	mode:7e77fc685299
group:cause_group_0148	CAUSES	mode:9849547fa7eb
group:cause_group_0148	CAUSES	group:mode_group_0017
group:cause_group_0148	CAUSES	group:mode_group_0426
group:cause_group_0148	CAUSES_EFFECT	effect:d9efbe5e0430
group:cause_group_0148	CAUSES_EFFECT	effect:04a3f4df8457
group:cause_group_0148	CAUSES_EFFECT	group:effect_group_0269
group:cause_group_0148	CAUSES_EFFECT	group:effect_regroup_0002
group:cause_group_0148	CAUSES_EFFECT	group:effect_regroup_0041
group:cause_group_0320	CAUSES	mode:dc398ece0fc4
group:cause_group_0320	CAUSES	mode:4b32dbd8b9f2
group:cause_group_0320	CAUSES	mode:353633af21c7
group:cause_group_0320	CAUSES	mode:4a0c88033399
group:cause_group_0320	CAUSES	group:mode_group_0105
group:cause_group_0320	CAUSES	group:mode_group_0279
group:cause_group_0320	CAUSES_EFFECT	effect:de56002f5d3e
group:cause_group_0320	CAUSES_EFFECT	group:effect_group_0003
group:cause_group_0320	CAUSES_EFFECT	group:effect_group_0177
group:cause_group_0320	CAUSES_EFFECT	group:effect_group_0150
group:cause_group_0320	CAUSES_EFFECT	group:effect_regroup_0033
group:cause_group_0472	CAUSES	mode:4ab9eb624392
group:cause_group_0472	CAUSES	mode:31e70d337e30
group:cause_group_0472	CAUSES	group:mode_group_0403
group:cause_group_0472	CAUSES	group:mode_regroup_0021
group:cause_group_0472	CAUSES_EFFECT	group:effect_group_0177
group:cause_group_0472	CAUSES_EFFECT	group:effect_group_0172
group:cause_group_0472	CAUSES_EFFECT	group:effect_regroup_0002
group:cause_group_0472	CAUSES_EFFECT	group:effect_regroup_0015
group:cause_group_0472	CAUSES_EFFECT	group:effect_regroup_0051
group:cause_group_0067	CAUSES	mode:83d5bff47e52
group:cause_group_0067	CAUSES	mode:96905ce542da
group:cause_group_0067	CAUSES	group:mode_group_0056
group:cause_group_0067	CAUSES	group:mode_group_0200
group:cause_group_0067	CAUSES_EFFECT	effect:2dba37aa21c8
group:cause_group_0067	CAUSES_EFFECT	group:effect_group_0003
group:cause_group_0067	CAUSES_EFFECT	group:effect_group_0032
group:cause_group_0067	CAUSES_EFFECT	group:effect_group_0286
group:cause_group_0158	CAUSES	mode:dc028486ee65
group:cause_group_0158	CAUSES	group:mode_group_0015
group:cause_group_0158	CAUSES_EFFECT	effect:bc3af1deda29
group:cause_group_0158	CAUSES_EFFECT	effect:969cd8339b23
group:cause_group_0288	CAUSES	mode:4f1640e5564e
group:cause_group_0288	CAUSES	group:mode_group_0039
group:cause_group_0288	CAUSES	group:mode_regroup_0003
group:cause_group_0288	CAUSES_EFFECT	effect:1edeb9cf1cdc
group:cause_group_0288	CAUSES_EFFECT	group:effect_regroup_0040
group:cause_group_0473	CAUSES	mode:73307549f18f
group:cause_group_0473	CAUSES	group:mode_group_0201
group:cause_group_0473	CAUSES_EFFECT	group:effect_group_0056
group:cause_group_0473	CAUSES_EFFECT	group:effect_regroup_0002
group:cause_group_0473	CAUSES_EFFECT	group:effect_regroup_0015
group:cause_group_0061	CAUSES	mode:d85c4ef85d54
group:cause_group_0061	CAUSES	mode:69ccaec4e476
group:cause_group_0061	CAUSES	group:mode_group_0051
group:cause_group_0061	CAUSES_EFFECT	effect:61373bef8d18
group:cause_group_0061	CAUSES_EFFECT	group:effect_group_0003
group:cause_group_0063	CAUSES	mode:2c26b1d33752
group:cause_group_0063	CAUSES	mode:0e68ae5d95eb
group:cause_group_0063	CAUSES	group:mode_group_0053
group:cause_group_0063	CAUSES_EFFECT	group:effect_group_0003
group:cause_group_0063	CAUSES_EFFECT	group:effect_group_0177
group:cause_group_0063	CAUSES_EFFECT	group:effect_group_0034
group:cause_group_0104	CAUSES	group:mode_group_0094
group:cause_group_0104	CAUSES	group:mode_regroup_0035
group:cause_group_0104	CAUSES_EFFECT	effect:b9ae67245b7c
group:cause_group_0104	CAUSES_EFFECT	group:effect_group_0231
group:cause_group_0190	CAUSES	mode:846cf6596a8a
group:cause_group_0190	CAUSES_EFFECT	effect:7f2d88be267e
group:cause_group_0294	CAUSES	group:mode_group_0227
group:cause_group_0294	CAUSES	group:mode_group_0230
group:cause_group_0294	CAUSES	group:mode_regroup_0001
group:cause_group_0294	CAUSES_EFFECT	effect:2837af838030
group:cause_group_0294	CAUSES_EFFECT	effect:fcd5f4ed00d4
group:cause_group_0294	CAUSES_EFFECT	effect:a933f0c08013
group:cause_group_0294	CAUSES_EFFECT	group:effect_regroup_0002
group:cause_group_0323	CAUSES	mode:5a428d824af6
group:cause_group_0323	CAUSES	group:mode_group_0039
group:cause_group_0323	CAUSES	group:mode_group_0232
group:cause_group_0323	CAUSES	group:mode_group_0253
group:cause_group_0323	CAUSES_EFFECT	effect:bff2fce5ad73
group:cause_group_0323	CAUSES_EFFECT	effect:9a7436227ce4
group:cause_group_0323	CAUSES_EFFECT	group:effect_group_0172
group:cause_group_0386	CAUSES	mode:35f4023b3d02
group:cause_group_0386	CAUSES	mode:1aab588b8f06
group:cause_group_0386	CAUSES	group:mode_group_0200
group:cause_group_0386	CAUSES_EFFECT	effect:3bcaa4e2de36
group:cause_group_0402	CAUSES	mode:42865b2238bd
group:cause_group_0402	CAUSES	mode:432f3bc65f9e
group:cause_group_0402	CAUSES	mode:44d702012a82
group:cause_group_0402	CAUSES	mode:211d49416e71
group:cause_group_0402	CAUSES_EFFECT	effect:44d702012a82
group:cause_group_0402	CAUSES_EFFECT	effect:211d49416e71
group:cause_group_0402	CAUSES_EFFECT	effect:dbab7d71ca85
group:cause_group_0402	CAUSES_EFFECT	effect:432f3bc65f9e
group:cause_group_0437	CAUSES	mode:641a05dcc6cd
group:cause_group_0437	CAUSES	mode:d2e8e2a658c6
group:cause_group_0437	CAUSES	mode:4138d729847e
group:cause_group_0437	CAUSES	mode:41b0d7a8cfaa
group:cause_group_0437	CAUSES_EFFECT	effect:436d365cb08a
group:cause_group_0437	CAUSES_EFFECT	effect:f468d094b189
group:cause_group_0437	CAUSES_EFFECT	group:effect_group_0240
group:cause_group_0013	CAUSES	mode:d64bce0b0f15
group:cause_group_0013	CAUSES	mode:c5d58b1b7a31
group:cause_group_0013	CAUSES	group:mode_group_0451
group:cause_group_0013	CAUSES_EFFECT	effect:a2c451a7fa4e
group:cause_group_0013	CAUSES_EFFECT	effect:b8eb511ecf47
group:cause_group_0013	CAUSES_EFFECT	effect:f1a64bb26225
group:cause_group_0030	CAUSES	mode:f5021b9f6532
group:cause_group_0030	CAUSES	group:mode_group_0093
group:cause_group_0030	CAUSES_EFFECT	effect:91ccd57d848b
group:cause_group_0030	CAUSES_EFFECT	group:effect_group_0011
group:cause_group_0030	CAUSES_EFFECT	group:effect_regroup_0002
group:cause_group_0057	CAUSES	mode:a6d4e5315246
group:cause_group_0057	CAUSES	mode:4dfc84502e86
group:cause_group_0057	CAUSES_EFFECT	effect:4c711e799726
group:cause_group_0057	CAUSES_EFFECT	effect:e3c185cdab9c
group:cause_group_0081	CAUSES	mode:ad6bd5728383
group:cause_group_0081	CAUSES	mode:5dd348f232bf
group:cause_group_0081	CAUSES_EFFECT	effect:ce8bd8730323
group:cause_group_0081	CAUSES_EFFECT	effect:10a4a7029942
group:cause_group_0081	CAUSES_EFFECT	effect:630f7957789d
group:cause_group_0135	CAUSES	mode:846cf6596a8a
group:cause_group_0135	CAUSES	mode:3997814d34c1
group:cause_group_0135	CAUSES	group:mode_group_0039
group:cause_group_0135	CAUSES_EFFECT	effect:d11f0fd0e9af
group:cause_group_0135	CAUSES_EFFECT	group:effect_regroup_0002
group:cause_group_0138	CAUSES	mode:95753d85f4c9
group:cause_group_0138	CAUSES	mode:b968b5b488d6
group:cause_group_0138	CAUSES	group:mode_group_0105
group:cause_group_0138	CAUSES_EFFECT	effect:87c74ff895e0
group:cause_group_0138	CAUSES_EFFECT	group:effect_group_0172
group:cause_group_0279	CAUSES	group:mode_group_0056
group:cause_group_0279	CAUSES	group:mode_regroup_0024
group:cause_group_0279	CAUSES_EFFECT	group:effect_group_0150
group:cause_group_0279	CAUSES_EFFECT	group:effect_regroup_0002
group:cause_group_0329	CAUSES	mode:e254ab4242e5
group:cause_group_0329	CAUSES	group:mode_group_0105
group:cause_group_0329	CAUSES_EFFECT	effect:67464b942bc3
group:cause_group_0329	CAUSES_EFFECT	group:effect_group_0150
group:cause_group_0332	CAUSES	mode:5ba46ca80a91
group:cause_group_0332	CAUSES_EFFECT	effect:13cd05e21e8e
group:cause_group_0332	CAUSES_EFFECT	group:effect_group_0172
group:cause_group_0332	CAUSES_EFFECT	group:effect_group_0154
group:cause_group_0336	CAUSES	mode:353633af21c7
group:cause_group_0336	CAUSES	mode:c7baddfef5dc
group:cause_group_0336	CAUSES_EFFECT	effect:fe4f4c07d6fd
group:cause_group_0336	CAUSES_EFFECT	group:effect_group_0003
group:cause_group_0336	CAUSES_EFFECT	group:effect_group_0172
group:cause_group_0359	CAUSES	group:mode_group_0214
group:cause_group_0359	CAUSES_EFFECT	effect:932a6ec9975b
group:cause_group_0359	CAUSES_EFFECT	group:effect_group_0003
group:cause_group_0365	CAUSES	mode:d0795d78a891
group:cause_group_0365	CAUSES	group:mode_group_0271
group:cause_group_0365	CAUSES_EFFECT	group:effect_group_0032
group:cause_group_0375	CAUSES	mode:37c7fe25dc94
group:cause_group_0375	CAUSES	mode:da554cd9f683
group:cause_group_0375	CAUSES	group:mode_group_0323
group:cause_group_0375	CAUSES_EFFECT	effect:344469cf5911
group:cause_group_0375	CAUSES_EFFECT	effect:082f637b5f4c
group:cause_group_0375	CAUSES_EFFECT	effect:dc568a03b8e7
group:cause_group_0400	CAUSES	mode:28d5fbd82e09
group:cause_group_0400	CAUSES	mode:f877c5f74392
group:cause_group_0400	CAUSES	group:mode_regroup_0032
group:cause_group_0400	CAUSES_EFFECT	effect:32eeeb09c665
group:cause_group_0400	CAUSES_EFFECT	group:effect_group_0177
group:cause_group_0400	CAUSES_EFFECT	group:effect_group_0087
group:cause_group_0449	CAUSES	mode:c1bfed7c10f3
group:cause_group_0449	CAUSES	mode:c9794b94f2b4
group:cause_group_0449	CAUSES_EFFECT	effect:436d365cb08a
group:cause_group_0449	CAUSES_EFFECT	effect:60d71c3afa5c
group:cause_group_0634	CAUSES	group:mode_group_0442
group:cause_group_0634	CAUSES	group:mode_group_0478
group:cause_group_0634	CAUSES_EFFECT	effect:57e5929e3d53
group:cause_group_0634	CAUSES_EFFECT	effect:3a6cd9622b66
group:cause_group_0659	CAUSES	mode:e773aa799d0f
group:cause_group_0659	CAUSES	mode:6dda02a3b1e3
group:cause_group_0051	CAUSES	mode:6ba1bd94eadb
group:cause_group_0051	CAUSES_EFFECT	effect:a3f5ac82c42b
group:cause_group_0102	CAUSES	group:mode_group_0093
group:cause_group_0102	CAUSES	group:mode_group_0094
group:cause_group_0102	CAUSES_EFFECT	effect:b9ae67245b7c
group:cause_group_0122	CAUSES	mode:560ff3c5fbdd
group:cause_group_0122	CAUSES_EFFECT	effect:d3ed6b524f98
group:cause_group_0179	CAUSES	mode:f738a9e1de69
group:cause_group_0179	CAUSES_EFFECT	group:effect_regroup_0002
group:cause_group_0180	CAUSES	mode:f82a900125f3
group:cause_group_0180	CAUSES_EFFECT	group:effect_regroup_0002
group:cause_group_0218	CAUSES	mode:a8c91a0c4ed7
group:cause_group_0218	CAUSES	group:mode_group_0308
group:cause_group_0218	CAUSES_EFFECT	effect:fc02272ff27f
group:cause_group_0218	CAUSES_EFFECT	group:effect_group_0214
group:cause_group_0245	CAUSES	group:mode_group_0194
group:cause_group_0245	CAUSES_EFFECT	group:effect_group_0032
group:cause_group_0266	CAUSES	mode:36cce192de71
group:cause_group_0266	CAUSES_EFFECT	effect:1edeb9cf1cdc
group:cause_group_0278	CAUSES	group:mode_group_0101
group:cause_group_0278	CAUSES_EFFECT	group:effect_group_0003
group:cause_group_0278	CAUSES_EFFECT	group:effect_regroup_0007
group:cause_group_0301	CAUSES	mode:3ddb62c0520e
group:cause_group_0301	CAUSES	mode:bc7a9c9205ba
group:cause_group_0301	CAUSES_EFFECT	effect:e15d402f3abe
group:cause_group_0301	CAUSES_EFFECT	group:effect_group_0156
group:cause_group_0322	CAUSES	group:mode_group_0253
group:cause_group_0322	CAUSES_EFFECT	effect:f495e344ca3f
group:cause_group_0340	CAUSES	group:mode_group_0232
group:cause_group_0340	CAUSES	group:mode_group_0275
group:cause_group_0340	CAUSES_EFFECT	effect:9a7436227ce4
group:cause_group_0340	CAUSES_EFFECT	group:effect_regroup_0012
group:cause_group_0387	CAUSES	mode:fcd2af2eac4d
group:cause_group_0387	CAUSES	group:mode_group_0200
group:cause_group_0387	CAUSES_EFFECT	group:effect_regroup_0015
group:cause_group_0387	CAUSES_EFFECT	group:effect_regroup_0040
group:cause_group_0411	CAUSES	mode:6594de5e9595
group:cause_group_0411	CAUSES	mode:3982543fe477
group:cause_group_0411	CAUSES_EFFECT	effect:d513d3ef6134
group:cause_group_0411	CAUSES_EFFECT	effect:1d783f1bafd8
group:cause_group_0426	CAUSES	mode:07f9cc73a8a3
group:cause_group_0426	CAUSES	mode:637e4eb7a788
group:cause_group_0426	CAUSES_EFFECT	group:effect_regroup_0046
group:cause_group_0464	CAUSES	mode:c0d20ea01a42
group:cause_group_0464	CAUSES	mode:e9490663b598
group:cause_group_0464	CAUSES_EFFECT	group:effect_group_0015
group:cause_group_0464	CAUSES_EFFECT	group:effect_regroup_0002
group:cause_group_0493	CAUSES	mode:3e7df38bdca4
group:cause_group_0493	CAUSES	group:mode_group_0442
group:cause_group_0493	CAUSES_EFFECT	effect:e73fc14f340c
group:cause_group_0499	CAUSES	mode:72d5c42f3295
group:cause_group_0499	CAUSES_EFFECT	effect:2dba37aa21c8
group:cause_group_0501	CAUSES	mode:34f033c46a6c
group:cause_group_0501	CAUSES	group:mode_group_0434
group:cause_group_0501	CAUSES_EFFECT	group:effect_group_0286
group:cause_group_0502	CAUSES	mode:d5f7acd564ea
group:cause_group_0502	CAUSES	group:mode_group_0438
group:cause_group_0502	CAUSES_EFFECT	group:effect_group_0032
group:cause_group_0529	CAUSES	mode:47dbccd12f43
group:cause_group_0529	CAUSES	group:mode_group_0451
group:cause_group_0529	CAUSES_EFFECT	effect:f1a64bb26225
group:cause_group_0534	CAUSES	mode:5f9064082ac7
group:cause_group_0534	CAUSES	group:mode_group_0451
group:cause_group_0534	CAUSES_EFFECT	effect:6b73be7431fa
group:cause_group_0534	CAUSES_EFFECT	effect:bd405c917f98
group:cause_group_0584	CAUSES	mode:7e14c16032ce
group:cause_group_0584	CAUSES	mode:11a38f6214c5
group:cause_group_0584	CAUSES_EFFECT	effect:78a95435602c
group:cause_group_0585	CAUSES	mode:7e14c16032ce
group:cause_group_0585	CAUSES	mode:11a38f6214c5
group:cause_group_0585	CAUSES_EFFECT	effect:78a95435602c
group:cause_group_0646	CAUSES	mode:05d8615560a5
group:cause_group_0646	CAUSES	mode:df6fdf45a9c3
group:cause_group_0653	CAUSES	mode:2fe9f9cd9365
group:cause_group_0653	CAUSES_EFFECT	effect:059fe058a3c2
group:cause_group_0820	CAUSES	mode:73e2693ed2ea
group:cause_group_0820	CAUSES_EFFECT	effect:c818d02ae615
group:cause_regroup_0001	CAUSES	mode:b58d79e47e69
group:cause_regroup_0001	CAUSES_EFFECT	effect:5ec0a660a34e
group:cause_regroup_0001	CAUSES_EFFECT	effect:74db67ecbf05
group:cause_regroup_0003	CAUSES	mode:19c649be8fdb
group:cause_regroup_0003	CAUSES	group:mode_group_0049
group:cause_regroup_0003	CAUSES_EFFECT	effect:ff737685d237
group:cause_regroup_0003	CAUSES_EFFECT	effect:b0906c2f3eb3
group:cause_regroup_0004	CAUSES	group:mode_group_0056
group:cause_regroup_0004	CAUSES_EFFECT	group:effect_group_0003
group:cause_regroup_0005	CAUSES	mode:3d21e9c32f85
group:cause_regroup_0005	CAUSES	mode:62bd3205848e
group:cause_regroup_0005	CAUSES	group:mode_group_0056
group:cause_regroup_0005	CAUSES	group:mode_group_0200
group:cause_regroup_0005	CAUSES_EFFECT	effect:69344d418980
group:cause_regroup_0005	CAUSES_EFFECT	group:effect_group_0003
group:cause_regroup_0005	CAUSES_EFFECT	group:effect_group_0032
group:cause_regroup_0005	CAUSES_EFFECT	group:effect_regroup_0031
group:cause_regroup_0006	CAUSES	mode:07de4e19593a
group:cause_regroup_0006	CAUSES	group:mode_regroup_0007
group:cause_regroup_0006	CAUSES_EFFECT	group:effect_group_0032
group:cause_regroup_0006	CAUSES_EFFECT	group:effect_regroup_0011
group:cause_regroup_0014	CAUSES	mode:e87a2272339c
group:cause_regroup_0014	CAUSES	group:mode_group_0015
group:cause_regroup_0014	CAUSES_EFFECT	group:effect_regroup_0022
group:cause_regroup_0014	CAUSES_EFFECT	group:effect_regroup_0031
group:cause_regroup_0015	CAUSES	group:mode_group_0049
group:cause_regroup_0015	CAUSES_EFFECT	effect:ff737685d237
group:cause_regroup_0015	CAUSES_EFFECT	effect:4c711e799726
group:cause_regroup_0017	CAUSES	mode:74709264ab81
group:cause_regroup_0017	CAUSES	group:mode_regroup_0023
group:cause_regroup_0017	CAUSES_EFFECT	group:effect_group_0003
group:cause_regroup_0017	CAUSES_EFFECT	group:effect_regroup_0007
group:cause_regroup_0018	CAUSES	mode:867c32ba5ee6
group:cause_regroup_0018	CAUSES	group:mode_group_0230
group:cause_regroup_0018	CAUSES_EFFECT	effect:bf44bf9b8698
group:cause_regroup_0018	CAUSES_EFFECT	group:effect_group_0151
group:cause_regroup_0024	CAUSES	mode:5ae2f0fb4b17
group:cause_regroup_0024	CAUSES	mode:b9c03861e6a5
group:cause_regroup_0024	CAUSES_EFFECT	effect:d6de02a6d41d
group:cause_regroup_0024	CAUSES_EFFECT	effect:1bfb6c752947
group:cause_regroup_0024	CAUSES_EFFECT	group:effect_regroup_0012
group:cause_regroup_0026	CAUSES	mode:109dcf7cb724
group:cause_regroup_0026	CAUSES	mode:83d5bff47e52
group:cause_regroup_0026	CAUSES	mode:9f8305720c0a
group:cause_regroup_0026	CAUSES_EFFECT	effect:ef9e2dbde741
group:cause_regroup_0026	CAUSES_EFFECT	effect:2dba37aa21c8
group:cause_regroup_0026	CAUSES_EFFECT	effect:67637e118afc
group:cause_regroup_0030	CAUSES	mode:f91665ada800
group:cause_regroup_0030	CAUSES	group:mode_regroup_0035
group:cause_regroup_0030	CAUSES_EFFECT	group:effect_group_0231
group:cause_regroup_0031	CAUSES	mode:8ec1fee7bad8
group:cause_regroup_0031	CAUSES	group:mode_group_0347
group:cause_regroup_0031	CAUSES_EFFECT	effect:5438e36e6b32
group:cause_regroup_0031	CAUSES_EFFECT	effect:ecd2ea7f1d0b
group:cause_regroup_0031	CAUSES_EFFECT	group:effect_regroup_0046
group:cause_regroup_0032	CAUSES	mode:8ec1fee7bad8
group:cause_regroup_0032	CAUSES_EFFECT	effect:08e2c35bdca4
group:cause_regroup_0032	CAUSES_EFFECT	group:effect_regroup_0046
group:cause_regroup_0034	CAUSES	mode:c0d20ea01a42
group:cause_regroup_0034	CAUSES	group:mode_group_0425
group:cause_regroup_0034	CAUSES_EFFECT	group:effect_group_0184
group:cause_regroup_0034	CAUSES_EFFECT	group:effect_regroup_0018
